user_id,product_id,rating,purchased,timestamp
U0141,P0294,4.5,0,2024-11-24
U0231,P0105,3.5,1,2024-08-26
U0335,P0009,2.0,0,2024-01-05
U0404,P0238,4.0,1,2024-11-19
U0477,P0077,3.5,0,2024-07-07
U0415,P0174,5.0,0,2024-07-05
U0372,P0208,4.5,0,2024-10-28
U0423,P0107,1.0,0,2024-03-28
U0129,P0095,3.0,0,2024-04-15
U0199,P0051,3.5,0,2024-01-19
U0410,P0144,5.0,1,2024-10-09
U0369,P0144,3.0,0,2024-11-11
U0182,P0091,4.5,1,2024-12-26
U0374,P0119,4.0,0,2024-08-24
U0022,P0288,4.5,1,2024-03-13
U0076,P0029,3.0,0,2024-12-17
U0226,P0039,2.0,0,2024-05-03
U0164,P0090,5.0,0,2024-02-26
U0078,P0043,4.0,0,2024-10-06
U0405,P0100,5.0,0,2024-08-03
U0398,P0150,3.0,0,2024-01-22
U0206,P0217,2.0,0,2024-04-05
U0417,P0148,4.0,1,2024-05-02
U0400,P0196,4.0,1,2024-08-30
U0462,P0049,3.0,0,2024-03-27
U0142,P0189,5.0,0,2024-06-17
U0310,P0098,4.5,0,2024-09-12
U0379,P0141,3.5,1,2024-10-13
U0355,P0119,5.0,1,2024-11-20
U0219,P0295,4.0,0,2024-12-08
U0096,P0272,4.0,1,2024-01-16
U0099,P0193,3.0,0,2024-02-27
U0437,P0113,5.0,0,2024-04-21
U0435,P0223,4.0,0,2024-12-29
U0204,P0149,4.5,0,2024-04-11
U0475,P0051,4.5,0,2024-03-26
U0476,P0148,3.5,1,2024-07-18
U0298,P0267,4.5,0,2024-10-25
U0077,P0093,5.0,0,2024-07-25
U0479,P0029,4.5,0,2024-01-11
U0294,P0060,3.0,0,2024-08-17
U0369,P0009,5.0,0,2024-11-23
U0443,P0296,5.0,0,2024-06-02
U0358,P0258,3.0,0,2024-02-20
U0117,P0170,3.5,0,2024-04-27
U0054,P0294,4.0,0,2024-10-31
U0007,P0069,4.5,0,2024-01-28
U0235,P0026,1.0,0,2024-02-23
U0029,P0112,3.0,0,2024-08-25
U0414,P0173,3.0,0,2024-03-19
U0110,P0106,5.0,0,2024-11-15
U0087,P0023,5.0,0,2024-07-28
U0497,P0024,4.0,1,2024-11-03
U0161,P0197,2.5,0,2024-01-04
U0401,P0267,3.5,1,2024-10-18
U0434,P0278,4.0,0,2024-11-29
U0377,P0068,4.0,1,2024-09-16
U0421,P0251,4.0,1,2024-02-08
U0489,P0158,5.0,0,2024-10-18
U0018,P0195,3.5,0,2024-12-11
U0087,P0020,4.5,0,2024-12-22
U0030,P0186,1.5,0,2024-08-16
U0012,P0155,3.5,1,2024-01-29
U0161,P0064,3.5,0,2024-06-20
U0438,P0053,4.0,1,2024-12-29
U0443,P0089,4.5,0,2024-07-28
U0196,P0290,4.0,1,2024-03-25
U0055,P0237,4.5,0,2024-08-11
U0220,P0274,3.0,0,2024-08-02
U0197,P0251,3.0,0,2024-10-21
U0378,P0218,3.0,0,2024-02-04
U0006,P0116,4.5,0,2024-05-26
U0067,P0147,4.0,1,2024-05-15
U0343,P0017,4.0,0,2024-11-11
U0334,P0015,3.5,0,2024-04-22
U0485,P0050,4.5,0,2024-04-19
U0200,P0259,4.5,0,2024-10-05
U0171,P0191,4.5,0,2024-01-18
U0190,P0049,5.0,1,2024-04-01
U0179,P0185,3.0,0,2024-04-20
U0137,P0147,3.5,0,2024-11-18
U0410,P0250,4.0,0,2024-04-03
U0429,P0130,4.0,1,2024-10-27
U0370,P0202,3.5,1,2024-04-23
U0111,P0250,3.5,0,2024-01-14
U0374,P0216,3.5,1,2024-02-20
U0427,P0151,2.5,0,2024-07-05
U0289,P0180,3.5,0,2024-06-25
U0037,P0289,3.5,0,2024-05-05
U0343,P0123,5.0,1,2024-06-21
U0046,P0160,3.5,0,2024-12-28
U0407,P0221,3.0,0,2024-05-25
U0343,P0115,5.0,0,2024-03-28
U0371,P0170,3.0,0,2024-05-14
U0050,P0268,5.0,0,2024-10-13
U0021,P0112,2.0,0,2024-10-27
U0058,P0070,2.5,0,2024-11-26
U0249,P0050,4.0,0,2024-12-20
U0225,P0101,3.5,0,2024-12-09
U0237,P0001,4.0,0,2024-08-13
U0221,P0211,4.0,0,2024-06-30
U0499,P0122,3.5,1,2024-02-03
U0345,P0013,3.5,0,2024-03-10
U0352,P0039,3.5,0,2024-09-30
U0444,P0236,4.5,0,2024-01-04
U0191,P0109,2.5,0,2024-10-02
U0079,P0004,5.0,0,2024-09-16
U0426,P0189,3.5,1,2024-09-12
U0009,P0028,3.5,1,2024-10-24
U0397,P0068,3.0,0,2024-03-13
U0308,P0146,4.5,0,2024-04-12
U0296,P0151,2.5,0,2024-07-15
U0223,P0163,2.5,0,2024-10-02
U0236,P0243,5.0,0,2024-04-15
U0375,P0201,5.0,1,2024-12-05
U0192,P0156,2.5,0,2024-11-13
U0144,P0015,2.0,0,2024-08-04
U0492,P0183,4.5,0,2024-01-30
U0467,P0144,2.0,0,2024-04-20
U0232,P0210,5.0,0,2024-07-09
U0173,P0155,3.5,0,2024-02-05
U0409,P0215,2.5,0,2024-12-02
U0174,P0097,5.0,1,2024-10-10
U0387,P0162,5.0,0,2024-11-23
U0179,P0224,1.5,0,2024-08-01
U0059,P0109,3.5,0,2024-07-14
U0035,P0246,3.5,1,2024-01-07
U0283,P0230,4.5,0,2024-03-03
U0484,P0074,5.0,0,2024-02-17
U0224,P0175,4.0,1,2024-09-29
U0380,P0151,4.0,0,2024-07-24
U0498,P0193,5.0,1,2024-03-19
U0387,P0206,3.5,1,2024-12-17
U0189,P0234,4.0,1,2024-03-19
U0236,P0171,4.0,0,2024-07-10
U0253,P0049,4.0,0,2024-04-02
U0340,P0078,3.5,1,2024-09-28
U0306,P0262,3.5,1,2024-05-11
U0085,P0184,3.5,0,2024-11-20
U0069,P0016,4.0,0,2024-07-03
U0322,P0253,2.0,0,2024-11-15
U0214,P0157,3.0,0,2024-04-06
U0001,P0015,4.0,1,2024-10-09
U0171,P0161,3.5,1,2024-03-10
U0318,P0124,4.5,0,2024-02-25
U0113,P0117,5.0,0,2024-07-07
U0426,P0146,2.5,0,2024-06-30
U0499,P0281,4.0,0,2024-04-15
U0263,P0193,3.0,0,2024-03-08
U0494,P0246,4.0,0,2024-11-27
U0128,P0065,3.0,0,2024-11-14
U0185,P0297,4.0,1,2024-01-22
U0459,P0042,2.5,0,2024-09-29
U0294,P0284,3.5,0,2024-10-04
U0451,P0119,4.0,0,2024-01-16
U0492,P0141,3.0,0,2024-06-16
U0026,P0195,4.0,1,2024-07-05
U0023,P0181,4.0,1,2024-11-30
U0162,P0011,3.5,0,2024-01-02
U0010,P0066,5.0,0,2024-11-21
U0150,P0129,3.0,0,2024-07-16
U0211,P0243,3.0,0,2024-04-06
U0279,P0044,4.5,1,2024-03-09
U0317,P0162,4.5,0,2024-10-20
U0119,P0079,5.0,1,2024-02-03
U0097,P0151,2.5,0,2024-03-11
U0003,P0287,1.5,0,2024-08-11
U0006,P0215,3.0,0,2024-03-30
U0226,P0080,3.0,0,2024-03-14
U0115,P0213,3.5,0,2024-07-22
U0056,P0083,5.0,1,2024-07-05
U0498,P0084,3.5,0,2024-01-13
U0271,P0180,3.5,0,2024-04-26
U0166,P0125,4.0,1,2024-04-29
U0097,P0207,3.5,1,2024-05-16
U0324,P0117,4.0,0,2024-04-03
U0168,P0149,1.0,0,2024-03-14
U0365,P0042,2.5,0,2024-07-30
U0101,P0037,5.0,1,2024-12-03
U0404,P0147,3.5,0,2024-09-21
U0205,P0034,4.5,1,2024-01-26
U0217,P0269,3.5,0,2024-12-03
U0480,P0169,4.0,1,2024-03-16
U0177,P0019,4.5,1,2024-02-24
U0154,P0153,4.5,1,2024-12-21
U0400,P0143,5.0,1,2024-02-18
U0025,P0065,5.0,0,2024-05-13
U0400,P0207,2.5,0,2024-08-20
U0334,P0281,3.5,1,2024-07-30
U0063,P0020,5.0,0,2024-01-02
U0398,P0049,4.0,0,2024-08-03
U0382,P0096,5.0,0,2024-10-30
U0484,P0255,5.0,0,2024-03-24
U0276,P0183,3.0,0,2024-09-24
U0296,P0100,2.5,0,2024-02-13
U0238,P0190,3.5,1,2024-01-18
U0012,P0246,1.5,0,2024-03-11
U0480,P0262,5.0,1,2024-02-22
U0107,P0027,3.5,1,2024-03-09
U0023,P0009,4.5,0,2024-04-02
U0454,P0063,4.5,0,2024-04-15
U0472,P0119,3.5,0,2024-01-14
U0266,P0119,3.5,1,2024-09-13
U0268,P0276,4.5,1,2024-04-15
U0085,P0045,3.0,0,2024-01-12
U0081,P0262,3.0,0,2024-05-04
U0307,P0080,5.0,1,2024-11-04
U0228,P0232,3.0,0,2024-04-21
U0008,P0253,2.0,0,2024-12-07
U0149,P0140,5.0,0,2024-08-03
U0343,P0003,4.5,0,2024-03-26
U0044,P0145,3.5,0,2024-10-20
U0408,P0073,3.0,0,2024-02-26
U0382,P0112,3.5,1,2024-08-07
U0313,P0219,3.5,0,2024-06-28
U0426,P0187,3.5,0,2024-10-05
U0226,P0270,5.0,1,2024-08-16
U0226,P0166,4.0,0,2024-09-02
U0402,P0174,5.0,1,2024-12-08
U0436,P0194,3.0,0,2024-07-04
U0218,P0013,2.0,0,2024-07-28
U0229,P0178,5.0,0,2024-11-05
U0208,P0085,3.0,0,2024-01-18
U0057,P0129,4.0,0,2024-01-13
U0339,P0255,3.0,0,2024-09-11
U0076,P0108,3.0,0,2024-06-04
U0082,P0241,5.0,1,2024-05-30
U0424,P0032,3.5,1,2024-01-05
U0459,P0169,2.5,0,2024-12-27
U0248,P0040,3.5,1,2024-12-20
U0255,P0202,4.0,1,2024-01-26
U0445,P0218,5.0,0,2024-08-24
U0237,P0138,4.5,1,2024-10-26
U0396,P0024,4.5,0,2024-08-31
U0182,P0297,3.0,0,2024-02-11
U0422,P0186,5.0,1,2024-04-14
U0200,P0074,2.0,0,2024-06-30
U0307,P0016,2.5,0,2024-12-16
U0402,P0256,4.0,0,2024-01-09
U0061,P0063,3.0,0,2024-04-30
U0226,P0260,3.0,0,2024-07-25
U0028,P0237,4.0,1,2024-12-19
U0234,P0191,3.0,0,2024-12-12
U0344,P0149,2.5,0,2024-09-02
U0423,P0219,4.5,1,2024-02-18
U0472,P0148,2.5,0,2024-08-26
U0415,P0048,3.0,0,2024-08-03
U0177,P0080,1.0,0,2024-07-03
U0367,P0027,1.5,0,2024-07-13
U0214,P0293,1.5,0,2024-08-29
U0124,P0122,5.0,1,2024-12-08
U0246,P0102,4.0,0,2024-01-16
U0165,P0051,5.0,1,2024-07-24
U0062,P0110,4.0,0,2024-12-30
U0300,P0134,4.0,0,2024-02-24
U0266,P0227,3.5,1,2024-01-10
U0358,P0282,3.0,0,2024-08-18
U0078,P0253,4.0,1,2024-05-24
U0069,P0169,4.5,0,2024-05-26
U0484,P0051,4.0,0,2024-04-06
U0446,P0291,5.0,0,2024-08-06
U0021,P0080,3.0,0,2024-11-07
U0238,P0059,5.0,1,2024-10-03
U0018,P0161,4.0,1,2024-12-18
U0193,P0231,3.5,1,2024-05-06
U0237,P0181,4.0,1,2024-06-20
U0109,P0184,3.5,0,2024-12-02
U0322,P0118,1.0,0,2024-07-09
U0042,P0276,4.5,0,2024-11-20
U0423,P0246,3.0,0,2024-09-07
U0455,P0176,3.5,1,2024-02-26
U0211,P0111,3.5,0,2024-07-21
U0099,P0009,3.0,0,2024-09-27
U0412,P0119,2.5,0,2024-08-01
U0283,P0246,3.0,0,2024-04-18
U0129,P0161,4.5,0,2024-12-07
U0146,P0027,3.5,0,2024-03-22
U0428,P0148,5.0,0,2024-11-22
U0420,P0114,4.5,0,2024-07-18
U0255,P0084,2.5,0,2024-08-07
U0158,P0204,2.5,0,2024-06-07
U0279,P0229,3.5,1,2024-03-28
U0217,P0169,2.0,0,2024-06-26
U0298,P0039,4.0,0,2024-03-14
U0463,P0069,4.5,0,2024-09-08
U0487,P0200,3.0,0,2024-02-14
U0314,P0103,4.0,1,2024-08-01
U0342,P0067,4.0,1,2024-04-02
U0176,P0032,3.0,0,2024-08-18
U0088,P0069,4.0,0,2024-08-06
U0205,P0048,2.5,0,2024-12-22
U0168,P0291,2.0,0,2024-02-25
U0108,P0212,4.0,1,2024-09-29
U0420,P0231,4.0,0,2024-09-05
U0077,P0277,4.0,1,2024-04-16
U0439,P0216,4.0,0,2024-04-12
U0039,P0287,4.5,1,2024-02-09
U0374,P0143,4.0,1,2024-01-05
U0218,P0231,4.0,0,2024-03-07
U0200,P0207,3.0,0,2024-03-06
U0070,P0083,3.5,1,2024-07-17
U0039,P0091,3.0,0,2024-08-25
U0070,P0263,3.0,0,2024-12-14
U0072,P0136,5.0,1,2024-04-23
U0239,P0047,3.5,1,2024-11-15
U0138,P0145,4.0,0,2024-03-27
U0225,P0229,2.0,0,2024-11-10
U0325,P0225,5.0,0,2024-10-06
U0189,P0287,3.5,1,2024-08-13
U0053,P0154,2.0,0,2024-02-17
U0351,P0180,4.0,1,2024-01-03
U0064,P0034,4.0,1,2024-07-21
U0411,P0117,5.0,1,2024-06-07
U0412,P0281,5.0,0,2024-03-24
U0451,P0004,4.5,0,2024-03-09
U0265,P0217,5.0,0,2024-01-10
U0114,P0271,3.5,1,2024-07-07
U0469,P0075,2.0,0,2024-03-12
U0261,P0090,4.0,0,2024-12-16
U0013,P0173,3.5,0,2024-11-17
U0438,P0090,2.5,0,2024-06-22
U0217,P0264,1.5,0,2024-04-06
U0117,P0065,4.5,1,2024-09-04
U0276,P0138,3.0,0,2024-01-31
U0498,P0018,4.0,0,2024-03-20
U0292,P0087,3.5,1,2024-08-19
U0093,P0151,4.0,0,2024-03-13
U0249,P0141,4.0,0,2024-01-29
U0435,P0172,5.0,0,2024-05-14
U0042,P0132,4.5,0,2024-11-17
U0025,P0129,3.0,0,2024-06-01
U0182,P0012,3.5,0,2024-11-21
U0053,P0082,3.5,1,2024-03-05
U0449,P0002,4.5,1,2024-08-24
U0478,P0004,3.0,0,2024-10-27
U0410,P0051,4.5,1,2024-02-04
U0024,P0261,4.5,1,2024-07-25
U0400,P0281,3.5,0,2024-11-30
U0218,P0141,4.0,1,2024-02-18
U0026,P0138,5.0,0,2024-05-11
U0276,P0112,4.0,0,2024-02-04
U0112,P0036,1.5,0,2024-08-04
U0080,P0021,4.0,0,2024-04-18
U0372,P0164,2.0,0,2024-03-08
U0292,P0222,5.0,0,2024-01-21
U0100,P0149,3.0,0,2024-02-08
U0285,P0095,4.5,1,2024-02-18
U0101,P0124,1.5,0,2024-08-25
U0398,P0099,3.5,0,2024-01-02
U0243,P0188,3.5,0,2024-05-19
U0029,P0044,5.0,0,2024-03-14
U0171,P0121,3.5,1,2024-04-09
U0146,P0136,5.0,1,2024-04-29
U0170,P0267,5.0,1,2024-08-29
U0441,P0230,4.5,1,2024-03-02
U0362,P0125,3.0,0,2024-12-27
U0210,P0020,2.0,0,2024-12-18
U0092,P0024,3.0,0,2024-10-26
U0098,P0069,2.5,0,2024-01-30
U0114,P0021,3.0,0,2024-07-03
U0253,P0129,2.5,0,2024-03-08
U0025,P0231,1.0,0,2024-10-26
U0163,P0130,4.0,0,2024-11-28
U0110,P0155,3.0,0,2024-11-25
U0256,P0162,3.5,1,2024-02-24
U0323,P0026,3.0,0,2024-11-08
U0126,P0198,3.0,0,2024-10-24
U0204,P0035,5.0,1,2024-12-19
U0474,P0212,3.5,1,2024-09-11
U0381,P0013,4.5,0,2024-11-24
U0115,P0281,1.5,0,2024-11-23
U0211,P0221,5.0,0,2024-01-27
U0190,P0266,4.0,0,2024-08-16
U0467,P0062,4.0,0,2024-01-26
U0352,P0027,3.5,0,2024-05-12
U0022,P0161,2.5,0,2024-04-16
U0279,P0101,4.5,1,2024-02-08
U0417,P0009,3.0,0,2024-08-28
U0422,P0033,4.0,0,2024-03-12
U0476,P0173,5.0,1,2024-03-10
U0462,P0026,4.5,0,2024-02-20
U0151,P0173,4.0,0,2024-07-31
U0233,P0298,3.5,1,2024-09-25
U0226,P0034,2.5,0,2024-10-17
U0230,P0257,4.5,1,2024-04-12
U0329,P0019,2.5,0,2024-11-18
U0139,P0197,4.5,0,2024-07-28
U0012,P0006,5.0,1,2024-07-26
U0432,P0044,5.0,1,2024-05-22
U0316,P0120,5.0,1,2024-07-10
U0160,P0004,4.0,0,2024-11-29
U0256,P0009,5.0,1,2024-12-11
U0402,P0166,4.0,0,2024-02-13
U0356,P0049,4.0,0,2024-06-16
U0244,P0239,3.5,0,2024-06-06
U0069,P0048,4.5,1,2024-12-12
U0497,P0096,5.0,1,2024-08-07
U0444,P0270,5.0,1,2024-04-14
U0027,P0101,1.0,0,2024-09-11
U0317,P0266,5.0,1,2024-04-30
U0416,P0099,4.5,1,2024-01-13
U0403,P0158,3.0,0,2024-11-08
U0371,P0296,4.0,1,2024-06-23
U0438,P0069,2.0,0,2024-04-13
U0246,P0216,4.5,1,2024-11-27
U0205,P0039,5.0,0,2024-09-12
U0480,P0172,3.0,0,2024-06-26
U0077,P0015,3.5,1,2024-11-14
U0325,P0253,4.5,1,2024-01-04
U0090,P0135,4.5,1,2024-01-29
U0151,P0079,4.0,0,2024-02-26
U0491,P0093,3.0,0,2024-10-02
U0158,P0077,3.5,1,2024-01-18
U0073,P0184,5.0,0,2024-01-19
U0219,P0120,2.0,0,2024-07-14
U0330,P0250,4.0,1,2024-08-05
U0445,P0112,4.5,1,2024-01-12
U0291,P0280,4.5,1,2024-09-29
U0288,P0174,5.0,1,2024-11-12
U0481,P0101,4.5,1,2024-01-26
U0121,P0153,3.5,1,2024-09-11
U0122,P0179,4.0,1,2024-01-24
U0109,P0146,3.0,0,2024-01-25
U0187,P0037,3.5,0,2024-06-30
U0362,P0092,5.0,1,2024-12-20
U0235,P0287,3.0,0,2024-03-27
U0403,P0182,5.0,0,2024-06-13
U0463,P0107,2.5,0,2024-11-01
U0166,P0131,3.0,0,2024-11-26
U0412,P0046,4.5,1,2024-02-19
U0398,P0277,4.5,0,2024-07-09
U0364,P0175,4.0,0,2024-10-07
U0021,P0015,5.0,1,2024-03-26
U0149,P0222,2.5,0,2024-04-10
U0149,P0162,4.0,0,2024-08-28
U0337,P0226,3.0,0,2024-11-17
U0258,P0135,3.5,1,2024-05-21
U0428,P0161,3.5,1,2024-12-03
U0344,P0073,5.0,1,2024-06-16
U0047,P0127,3.5,0,2024-11-08
U0363,P0072,3.5,1,2024-06-10
U0395,P0223,2.0,0,2024-08-07
U0280,P0024,4.0,1,2024-04-09
U0261,P0192,3.5,1,2024-10-19
U0226,P0134,3.0,0,2024-04-01
U0423,P0177,4.0,0,2024-07-15
U0323,P0075,2.0,0,2024-03-23
U0240,P0293,5.0,0,2024-07-28
U0041,P0257,4.5,1,2024-03-18
U0108,P0099,3.5,1,2024-07-09
U0324,P0151,3.0,0,2024-07-31
U0123,P0240,4.0,0,2024-04-16
U0251,P0251,5.0,0,2024-09-14
U0201,P0224,5.0,1,2024-12-18
U0111,P0127,3.5,0,2024-06-03
U0257,P0289,2.0,0,2024-09-29
U0382,P0138,4.0,0,2024-03-27
U0419,P0084,2.0,0,2024-07-08
U0439,P0278,5.0,0,2024-01-08
U0295,P0279,3.0,0,2024-08-06
U0348,P0288,2.0,0,2024-03-19
U0236,P0161,4.5,1,2024-01-09
U0289,P0205,3.0,0,2024-07-04
U0341,P0070,4.0,0,2024-11-08
U0239,P0026,5.0,0,2024-08-20
U0195,P0040,4.5,0,2024-08-05
U0206,P0056,4.5,0,2024-09-09
U0286,P0201,5.0,0,2024-07-14
U0308,P0061,5.0,1,2024-08-12
U0058,P0103,2.5,0,2024-02-24
U0231,P0240,3.0,0,2024-03-30
U0232,P0292,5.0,1,2024-05-22
U0223,P0097,4.5,0,2024-05-19
U0357,P0218,5.0,0,2024-03-25
U0109,P0240,3.5,1,2024-11-05
U0389,P0236,5.0,0,2024-04-18
U0167,P0270,3.5,1,2024-02-21
U0091,P0113,2.0,0,2024-12-27
U0381,P0293,4.0,0,2024-01-16
U0145,P0013,4.0,0,2024-03-30
U0415,P0240,2.0,0,2024-03-19
U0073,P0150,4.5,0,2024-08-11
U0182,P0189,4.5,0,2024-07-02
U0121,P0252,2.5,0,2024-03-10
U0404,P0050,5.0,1,2024-10-02
U0179,P0214,5.0,0,2024-11-26
U0374,P0106,4.5,1,2024-04-22
U0318,P0038,2.5,0,2024-04-27
U0473,P0212,1.5,0,2024-12-29
U0158,P0045,2.0,0,2024-04-17
U0219,P0262,4.5,0,2024-12-23
U0326,P0190,5.0,0,2024-12-22
U0145,P0165,5.0,0,2024-06-29
U0499,P0130,5.0,1,2024-07-18
U0240,P0171,5.0,0,2024-05-17
U0327,P0001,3.5,1,2024-10-03
U0293,P0025,3.0,0,2024-04-02
U0094,P0237,3.0,0,2024-10-06
U0011,P0199,4.5,0,2024-01-23
U0083,P0108,4.5,1,2024-12-18
U0396,P0225,2.5,0,2024-01-31
U0386,P0037,4.0,0,2024-07-14
U0331,P0108,4.5,0,2024-05-03
U0019,P0030,4.0,0,2024-10-23
U0203,P0061,3.0,0,2024-12-28
U0359,P0186,4.0,0,2024-11-08
U0165,P0085,3.0,0,2024-05-06
U0193,P0114,4.0,0,2024-05-18
U0481,P0286,4.0,0,2024-07-24
U0287,P0259,4.0,0,2024-11-04
U0145,P0062,5.0,1,2024-01-06
U0500,P0277,3.0,0,2024-03-29
U0154,P0252,3.0,0,2024-12-02
U0149,P0238,2.5,0,2024-09-28
U0120,P0275,4.0,0,2024-03-06
U0079,P0202,3.5,0,2024-02-15
U0113,P0209,3.0,0,2024-11-29
U0152,P0202,3.0,0,2024-04-03
U0483,P0052,4.0,0,2024-12-08
U0340,P0185,5.0,0,2024-07-20
U0330,P0206,4.0,1,2024-06-03
U0186,P0188,4.0,1,2024-01-22
U0361,P0229,5.0,1,2024-09-09
U0454,P0195,4.0,0,2024-02-05
U0442,P0267,4.0,1,2024-10-18
U0052,P0035,3.5,0,2024-11-09
U0184,P0108,3.5,1,2024-08-17
U0271,P0198,3.0,0,2024-11-18
U0056,P0029,5.0,1,2024-02-26
U0050,P0061,3.0,0,2024-03-22
U0372,P0010,3.5,1,2024-04-03
U0298,P0065,1.5,0,2024-10-16
U0376,P0004,5.0,1,2024-11-19
U0383,P0082,2.5,0,2024-05-08
U0286,P0157,3.5,1,2024-12-16
U0311,P0280,4.5,0,2024-01-26
U0194,P0297,4.5,1,2024-01-29
U0165,P0172,4.5,1,2024-10-11
U0427,P0029,3.5,0,2024-12-15
U0416,P0065,4.5,0,2024-02-25
U0253,P0130,4.0,0,2024-12-05
U0053,P0235,3.5,1,2024-04-14
U0150,P0300,4.0,1,2024-05-05
U0239,P0191,5.0,0,2024-02-06
U0487,P0165,3.0,0,2024-08-01
U0062,P0186,3.5,0,2024-08-26
U0020,P0236,4.0,1,2024-05-11
U0077,P0253,3.5,1,2024-07-12
U0176,P0232,4.5,0,2024-11-16
U0042,P0247,5.0,0,2024-11-20
U0105,P0227,3.0,0,2024-08-23
U0281,P0045,4.5,0,2024-07-09
U0009,P0125,5.0,1,2024-06-17
U0062,P0014,4.0,0,2024-09-01
U0335,P0109,3.0,0,2024-11-02
U0104,P0295,4.5,0,2024-12-03
U0010,P0067,5.0,0,2024-07-06
U0317,P0107,2.0,0,2024-04-14
U0034,P0033,4.0,1,2024-03-05
U0333,P0059,4.0,1,2024-01-28
U0223,P0109,4.0,1,2024-05-18
U0284,P0223,3.0,0,2024-11-12
U0123,P0081,3.5,1,2024-11-10
U0434,P0030,4.0,1,2024-01-20
U0048,P0102,4.0,0,2024-09-21
U0470,P0226,3.5,0,2024-03-14
U0350,P0242,2.5,0,2024-04-15
U0400,P0211,4.5,0,2024-01-15
U0053,P0076,5.0,1,2024-10-02
U0404,P0178,2.5,0,2024-11-25
U0354,P0214,5.0,1,2024-11-21
U0334,P0111,3.5,0,2024-05-24
U0275,P0241,3.0,0,2024-06-01
U0104,P0216,3.0,0,2024-06-02
U0056,P0019,2.5,0,2024-01-23
U0047,P0004,4.5,1,2024-03-13
U0156,P0271,4.0,1,2024-11-10
U0297,P0165,3.5,0,2024-06-04
U0421,P0132,4.5,0,2024-02-07
U0396,P0235,4.0,0,2024-11-26
U0253,P0136,4.0,0,2024-11-05
U0031,P0170,3.5,0,2024-07-28
U0414,P0138,4.5,0,2024-08-23
U0342,P0111,5.0,0,2024-01-09
U0190,P0165,1.5,0,2024-05-15
U0004,P0047,5.0,0,2024-02-17
U0240,P0136,5.0,1,2024-03-13
U0004,P0206,5.0,0,2024-04-11
U0106,P0133,3.5,0,2024-03-06
U0266,P0205,2.5,0,2024-02-27
U0201,P0084,4.0,0,2024-05-20
U0446,P0112,2.5,0,2024-05-23
U0450,P0141,4.0,0,2024-01-16
U0334,P0146,4.0,0,2024-02-18
U0307,P0178,4.0,1,2024-10-05
U0206,P0199,3.0,0,2024-09-27
U0500,P0164,4.0,0,2024-03-15
U0157,P0052,3.5,0,2024-11-08
U0339,P0034,3.0,0,2024-03-13
U0354,P0010,5.0,1,2024-12-10
U0008,P0131,4.5,1,2024-05-10
U0102,P0084,4.5,0,2024-12-26
U0338,P0049,2.5,0,2024-02-26
U0283,P0041,4.5,0,2024-02-26
U0376,P0199,3.0,0,2024-11-24
U0122,P0064,4.5,1,2024-10-05
U0251,P0009,4.0,0,2024-07-09
U0051,P0168,3.0,0,2024-11-06
U0109,P0242,4.0,1,2024-05-07
U0105,P0121,4.0,0,2024-12-30
U0364,P0190,3.5,0,2024-12-05
U0025,P0281,1.5,0,2024-01-11
U0320,P0155,4.0,0,2024-06-25
U0014,P0158,4.5,1,2024-11-20
U0389,P0119,2.5,0,2024-05-23
U0289,P0002,1.0,0,2024-12-11
U0186,P0058,5.0,0,2024-05-31
U0111,P0264,4.0,1,2024-10-09
U0074,P0206,5.0,1,2024-12-27
U0093,P0191,3.0,0,2024-08-12
U0369,P0198,5.0,1,2024-07-12
U0380,P0295,3.5,0,2024-07-05
U0214,P0227,4.0,0,2024-03-05
U0017,P0016,4.0,0,2024-09-10
U0477,P0229,4.0,0,2024-01-10
U0496,P0156,2.0,0,2024-06-06
U0037,P0242,2.0,0,2024-04-10
U0056,P0017,4.5,1,2024-04-01
U0279,P0168,3.5,1,2024-08-09
U0161,P0288,4.0,0,2024-08-29
U0090,P0067,4.0,0,2024-11-08
U0365,P0210,3.0,0,2024-09-25
U0186,P0277,3.5,0,2024-06-11
U0271,P0262,3.5,0,2024-12-18
U0288,P0225,2.0,0,2024-07-10
U0079,P0107,2.0,0,2024-09-27
U0390,P0242,3.5,0,2024-03-13
U0480,P0136,5.0,1,2024-03-18
U0348,P0025,3.5,0,2024-05-01
U0492,P0067,3.5,0,2024-12-14
U0196,P0299,2.5,0,2024-11-18
U0111,P0273,5.0,0,2024-03-29
U0146,P0251,4.0,0,2024-07-14
U0297,P0029,3.0,0,2024-05-17
U0102,P0099,3.5,1,2024-09-17
U0375,P0087,5.0,0,2024-01-23
U0048,P0016,3.5,1,2024-12-21
U0283,P0190,4.5,1,2024-12-30
U0090,P0280,4.0,0,2024-08-21
U0260,P0071,3.5,0,2024-01-10
U0329,P0156,4.0,0,2024-09-26
U0442,P0002,3.0,0,2024-06-03
U0165,P0299,3.0,0,2024-06-15
U0447,P0005,4.5,0,2024-11-01
U0366,P0074,3.0,0,2024-07-05
U0062,P0272,3.5,0,2024-07-16
U0205,P0068,5.0,1,2024-06-23
U0347,P0213,5.0,1,2024-10-14
U0226,P0138,4.0,1,2024-12-02
U0414,P0098,4.5,0,2024-02-28
U0476,P0099,5.0,0,2024-02-17
U0328,P0056,3.0,0,2024-03-29
U0449,P0091,4.5,0,2024-05-10
U0049,P0087,2.5,0,2024-03-01
U0273,P0109,5.0,1,2024-02-12
U0057,P0066,2.5,0,2024-09-03
U0148,P0205,4.0,1,2024-04-03
U0226,P0271,3.5,0,2024-03-01
U0271,P0085,4.5,0,2024-03-01
U0186,P0039,2.5,0,2024-08-24
U0227,P0269,4.5,0,2024-03-20
U0135,P0247,4.0,1,2024-01-17
U0493,P0273,4.0,0,2024-04-26
U0043,P0283,2.5,0,2024-05-11
U0336,P0165,4.0,1,2024-05-26
U0427,P0168,2.5,0,2024-06-14
U0085,P0088,3.0,0,2024-01-02
U0106,P0216,4.0,1,2024-07-23
U0313,P0259,2.0,0,2024-10-01
U0007,P0180,4.5,1,2024-12-03
U0061,P0151,2.5,0,2024-03-20
U0011,P0053,4.5,0,2024-06-24
U0126,P0092,4.0,1,2024-05-02
U0474,P0274,4.0,1,2024-12-02
U0095,P0180,2.5,0,2024-02-28
U0164,P0272,3.0,0,2024-07-01
U0021,P0277,3.0,0,2024-12-03
U0171,P0120,4.0,1,2024-03-08
U0028,P0148,3.0,0,2024-06-29
U0260,P0206,3.0,0,2024-11-15
U0186,P0222,4.5,0,2024-03-07
U0293,P0089,2.0,0,2024-12-11
U0388,P0285,3.5,0,2024-06-24
U0387,P0233,3.5,1,2024-07-31
U0282,P0199,3.0,0,2024-10-20
U0088,P0218,2.5,0,2024-05-26
U0174,P0249,3.5,0,2024-05-21
U0044,P0248,4.0,0,2024-06-09
U0285,P0148,4.0,0,2024-04-21
U0046,P0154,4.0,1,2024-03-27
U0109,P0194,5.0,0,2024-09-04
U0069,P0061,2.5,0,2024-07-07
U0151,P0057,4.0,1,2024-11-04
U0263,P0268,4.0,0,2024-04-30
U0197,P0122,3.5,0,2024-09-16
U0039,P0187,3.0,0,2024-01-16
U0405,P0187,4.0,0,2024-03-02
U0287,P0080,4.5,1,2024-08-05
U0137,P0112,4.5,0,2024-11-29
U0381,P0061,4.0,1,2024-01-21
U0147,P0203,4.0,0,2024-03-25
U0167,P0240,2.5,0,2024-09-14
U0275,P0245,2.5,0,2024-08-20
U0490,P0017,2.0,0,2024-12-15
U0084,P0154,4.5,0,2024-09-20
U0465,P0287,2.5,0,2024-05-07
U0474,P0110,4.0,0,2024-03-11
U0289,P0038,5.0,1,2024-07-06
U0342,P0121,3.5,0,2024-02-02
U0010,P0020,5.0,0,2024-04-06
U0496,P0078,4.5,1,2024-10-09
U0273,P0024,4.5,0,2024-07-22
U0006,P0005,2.5,0,2024-03-20
U0274,P0136,3.5,1,2024-04-04
U0033,P0231,1.5,0,2024-09-28
U0336,P0135,1.5,0,2024-12-10
U0160,P0062,4.5,1,2024-05-23
U0076,P0064,3.5,0,2024-02-02
U0377,P0165,4.0,0,2024-07-28
U0434,P0190,5.0,1,2024-03-07
U0197,P0076,4.0,0,2024-08-29
U0237,P0081,4.0,1,2024-04-07
U0183,P0184,3.5,0,2024-07-27
U0215,P0025,5.0,1,2024-05-02
U0342,P0054,4.5,0,2024-09-24
U0260,P0284,5.0,1,2024-08-03
U0069,P0160,3.5,1,2024-03-29
U0403,P0006,3.5,0,2024-10-14
U0493,P0195,5.0,0,2024-06-02
U0010,P0157,2.0,0,2024-05-10
U0067,P0249,3.0,0,2024-01-15
U0232,P0030,3.5,1,2024-10-22
U0449,P0247,4.5,0,2024-05-26
U0259,P0029,4.0,0,2024-07-26
U0164,P0256,3.0,0,2024-06-09
U0005,P0091,5.0,0,2024-12-04
U0175,P0234,4.5,0,2024-08-10
U0009,P0213,2.5,0,2024-11-25
U0112,P0154,3.5,1,2024-08-05
U0450,P0226,4.0,1,2024-01-22
U0368,P0040,2.5,0,2024-02-07
U0048,P0217,4.0,0,2024-11-19
U0331,P0168,4.5,1,2024-04-04
U0326,P0296,4.5,1,2024-04-21
U0300,P0281,3.0,0,2024-08-10
U0120,P0281,5.0,0,2024-10-20
U0417,P0241,4.0,1,2024-01-18
U0070,P0250,3.5,1,2024-07-06
U0057,P0288,3.0,0,2024-02-24
U0048,P0163,1.0,0,2024-07-20
U0467,P0146,4.0,0,2024-11-23
U0228,P0040,3.5,1,2024-05-30
U0211,P0253,2.0,0,2024-02-02
U0260,P0268,5.0,0,2024-08-14
U0284,P0254,3.5,0,2024-08-21
U0333,P0023,3.5,1,2024-12-13
U0348,P0044,3.5,1,2024-11-11
U0402,P0237,4.5,0,2024-12-18
U0167,P0054,3.0,0,2024-09-01
U0483,P0035,2.5,0,2024-11-19
U0025,P0109,3.0,0,2024-04-23
U0223,P0116,5.0,1,2024-03-26
U0062,P0206,3.0,0,2024-04-14
U0318,P0068,4.0,0,2024-09-12
U0307,P0146,3.5,1,2024-06-12
U0169,P0244,4.5,0,2024-06-13
U0194,P0135,3.5,1,2024-12-26
U0491,P0237,2.5,0,2024-10-14
U0364,P0077,5.0,0,2024-05-14
U0114,P0135,5.0,0,2024-01-04
U0244,P0131,5.0,0,2024-01-17
U0216,P0031,4.5,1,2024-05-25
U0367,P0161,4.0,1,2024-09-03
U0163,P0090,4.5,0,2024-01-21
U0308,P0280,4.5,1,2024-02-24
U0471,P0193,2.5,0,2024-10-29
U0464,P0038,4.0,0,2024-01-15
U0257,P0274,4.5,1,2024-08-22
U0349,P0296,3.0,0,2024-11-22
U0396,P0051,5.0,1,2024-09-01
U0111,P0265,2.5,0,2024-05-21
U0356,P0109,2.0,0,2024-07-23
U0029,P0207,2.5,0,2024-10-06
U0151,P0179,3.0,0,2024-06-06
U0172,P0157,2.5,0,2024-09-14
U0164,P0089,3.5,0,2024-09-11
U0208,P0275,4.0,0,2024-06-19
U0250,P0221,4.5,1,2024-08-09
U0115,P0019,4.0,0,2024-10-25
U0263,P0212,4.5,0,2024-05-06
U0197,P0272,5.0,1,2024-02-01
U0468,P0025,4.0,0,2024-10-11
U0095,P0275,5.0,0,2024-09-23
U0002,P0202,3.0,0,2024-07-14
U0343,P0212,3.5,0,2024-12-27
U0139,P0064,4.0,1,2024-10-02
U0493,P0068,3.0,0,2024-05-09
U0078,P0035,4.5,1,2024-07-18
U0450,P0138,1.0,0,2024-01-21
U0234,P0014,5.0,0,2024-06-10
U0326,P0270,5.0,0,2024-01-21
U0494,P0010,2.5,0,2024-01-12
U0263,P0192,4.0,0,2024-04-04
U0035,P0096,3.5,1,2024-09-05
U0083,P0091,4.0,0,2024-11-21
U0136,P0253,4.5,1,2024-10-21
U0279,P0022,2.0,0,2024-05-24
U0340,P0287,4.0,1,2024-10-08
U0066,P0166,4.5,0,2024-09-22
U0271,P0185,2.5,0,2024-08-02
U0017,P0114,4.5,0,2024-04-06
U0375,P0074,3.5,1,2024-09-02
U0406,P0179,4.0,0,2024-11-03
U0074,P0189,4.5,0,2024-08-22
U0474,P0072,2.5,0,2024-08-15
U0322,P0151,4.5,0,2024-01-16
U0438,P0110,1.5,0,2024-06-15
U0073,P0062,3.5,0,2024-04-21
U0274,P0085,4.5,1,2024-05-02
U0218,P0100,3.5,1,2024-07-22
U0258,P0210,5.0,1,2024-11-19
U0253,P0150,2.0,0,2024-05-17
U0208,P0184,3.0,0,2024-04-22
U0389,P0268,5.0,1,2024-11-02
U0434,P0123,3.5,1,2024-06-19
U0366,P0181,2.0,0,2024-01-19
U0226,P0137,5.0,1,2024-11-06
U0119,P0023,5.0,0,2024-02-20
U0491,P0175,3.5,1,2024-04-02
U0373,P0096,4.5,1,2024-03-11
U0017,P0122,4.5,1,2024-08-05
U0241,P0197,3.5,0,2024-08-03
U0080,P0070,4.0,0,2024-01-01
U0319,P0293,3.0,0,2024-09-22
U0282,P0268,3.5,1,2024-10-24
U0317,P0034,4.5,1,2024-09-07
U0335,P0013,2.0,0,2024-06-28
U0207,P0018,4.5,1,2024-10-14
U0309,P0069,5.0,1,2024-03-26
U0274,P0168,4.0,1,2024-07-15
U0387,P0289,3.5,1,2024-10-17
U0180,P0222,4.0,1,2024-05-14
U0313,P0173,4.0,0,2024-02-28
U0058,P0108,5.0,0,2024-12-22
U0304,P0182,1.5,0,2024-05-01
U0334,P0080,4.5,0,2024-07-29
U0184,P0060,5.0,0,2024-09-21
U0135,P0231,4.5,1,2024-03-01
U0250,P0080,4.5,0,2024-01-20
U0050,P0088,4.5,0,2024-12-20
U0381,P0002,3.5,1,2024-10-27
U0359,P0127,3.5,1,2024-04-24
U0195,P0246,3.5,0,2024-11-09
U0146,P0252,3.5,0,2024-03-03
U0347,P0253,3.5,0,2024-03-12
U0009,P0265,4.5,0,2024-12-21
U0040,P0164,3.0,0,2024-09-10
U0454,P0126,4.0,0,2024-01-17
U0370,P0255,5.0,0,2024-06-21
U0219,P0129,5.0,0,2024-06-19
U0116,P0256,2.5,0,2024-03-21
U0268,P0235,2.5,0,2024-02-28
U0345,P0024,5.0,1,2024-03-20
U0134,P0009,3.5,0,2024-03-11
U0214,P0171,5.0,1,2024-10-12
U0185,P0099,2.5,0,2024-05-18
U0283,P0147,3.5,1,2024-01-18
U0077,P0267,5.0,0,2024-03-17
U0281,P0046,4.5,0,2024-10-06
U0019,P0265,3.0,0,2024-06-16
U0221,P0191,2.0,0,2024-11-20
U0437,P0275,3.5,0,2024-05-13
U0391,P0114,5.0,0,2024-02-07
U0187,P0201,3.0,0,2024-11-03
U0252,P0250,4.0,0,2024-08-11
U0197,P0280,4.0,0,2024-06-16
U0051,P0220,5.0,1,2024-09-13
U0205,P0028,1.5,0,2024-08-15
U0128,P0212,2.5,0,2024-08-26
U0207,P0253,2.5,0,2024-02-13
U0494,P0097,4.5,0,2024-05-21
U0449,P0135,3.0,0,2024-08-30
U0055,P0056,3.5,0,2024-11-09
U0419,P0144,3.0,0,2024-08-10
U0040,P0034,4.0,0,2024-11-04
U0231,P0127,3.5,1,2024-10-27
U0192,P0093,2.0,0,2024-08-05
U0278,P0264,4.0,0,2024-01-13
U0347,P0200,4.0,0,2024-03-16
U0164,P0245,1.5,0,2024-09-15
U0492,P0262,4.0,1,2024-09-02
U0221,P0070,4.0,1,2024-06-26
U0139,P0170,3.0,0,2024-02-08
U0069,P0115,4.0,0,2024-06-27
U0332,P0250,4.5,0,2024-01-26
U0490,P0034,2.0,0,2024-05-28
U0488,P0143,3.5,1,2024-02-12
U0425,P0231,3.5,0,2024-03-24
U0034,P0197,2.5,0,2024-10-12
U0088,P0072,5.0,0,2024-08-08
U0428,P0049,3.5,1,2024-01-14
U0298,P0058,3.0,0,2024-04-02
U0105,P0056,3.0,0,2024-06-29
U0057,P0043,3.5,0,2024-09-11
U0489,P0041,3.0,0,2024-09-11
U0002,P0065,3.0,0,2024-04-17
U0453,P0059,3.0,0,2024-01-26
U0082,P0100,2.5,0,2024-03-03
U0311,P0105,1.5,0,2024-04-14
U0325,P0008,4.5,0,2024-09-07
U0331,P0075,4.0,1,2024-03-05
U0387,P0140,4.5,1,2024-08-04
U0320,P0175,4.5,0,2024-05-27
U0105,P0002,5.0,1,2024-05-19
U0410,P0029,4.0,0,2024-09-09
U0385,P0220,4.0,1,2024-02-03
U0096,P0131,4.0,1,2024-10-01
U0246,P0127,4.0,0,2024-10-17
U0107,P0260,5.0,0,2024-05-22
U0395,P0159,2.5,0,2024-01-13
U0457,P0197,3.5,1,2024-10-30
U0199,P0024,5.0,0,2024-02-13
U0078,P0074,4.5,1,2024-05-23
U0266,P0035,3.0,0,2024-07-28
U0046,P0055,3.0,0,2024-09-22
U0175,P0007,5.0,1,2024-05-26
U0485,P0269,3.0,0,2024-11-28
U0043,P0064,5.0,1,2024-01-22
U0470,P0117,3.0,0,2024-10-16
U0353,P0250,3.5,0,2024-11-27
U0227,P0254,4.0,0,2024-04-11
U0441,P0252,5.0,0,2024-08-09
U0363,P0226,3.0,0,2024-12-29
U0060,P0048,5.0,0,2024-02-02
U0044,P0137,4.0,0,2024-10-18
U0337,P0006,3.5,0,2024-01-12
U0307,P0141,3.0,0,2024-05-31
U0188,P0299,3.0,0,2024-10-02
U0328,P0213,5.0,1,2024-02-12
U0008,P0268,3.5,1,2024-03-01
U0115,P0277,3.5,0,2024-11-20
U0067,P0002,2.0,0,2024-11-29
U0284,P0067,3.5,1,2024-04-29
U0191,P0281,3.5,0,2024-06-07
U0377,P0044,4.5,1,2024-06-13
U0077,P0034,3.5,1,2024-02-23
U0342,P0050,3.5,1,2024-12-11
U0261,P0250,3.5,0,2024-04-25
U0026,P0089,5.0,0,2024-10-05
U0358,P0283,3.5,1,2024-04-29
U0194,P0229,4.0,0,2024-08-19
U0262,P0170,3.0,0,2024-04-19
U0456,P0014,4.0,1,2024-06-03
U0078,P0097,3.5,1,2024-10-02
U0367,P0082,2.5,0,2024-01-24
U0214,P0141,4.0,1,2024-02-23
U0294,P0225,4.5,0,2024-11-04
U0384,P0190,2.0,0,2024-06-14
U0318,P0103,2.0,0,2024-04-13
U0414,P0169,2.0,0,2024-04-25
U0141,P0125,4.0,0,2024-04-30
U0032,P0137,4.0,0,2024-01-13
U0183,P0279,3.0,0,2024-04-28
U0421,P0133,4.0,1,2024-04-03
U0455,P0129,4.5,1,2024-01-14
U0085,P0041,5.0,0,2024-06-05
U0343,P0068,4.0,0,2024-09-06
U0059,P0284,4.0,1,2024-04-04
U0479,P0284,4.0,0,2024-08-17
U0390,P0029,4.0,1,2024-11-15
U0196,P0285,4.0,1,2024-01-09
U0191,P0092,4.5,0,2024-01-21
U0311,P0010,4.0,0,2024-02-17
U0379,P0285,3.0,0,2024-05-15
U0140,P0129,3.0,0,2024-09-26
U0134,P0288,3.5,1,2024-03-01
U0480,P0032,5.0,1,2024-10-19
U0025,P0166,5.0,0,2024-09-06
U0087,P0266,3.0,0,2024-08-13
U0390,P0151,3.5,0,2024-02-09
U0264,P0104,4.0,0,2024-11-08
U0483,P0154,3.5,1,2024-06-27
U0086,P0013,3.0,0,2024-11-13
U0349,P0300,2.5,0,2024-09-19
U0166,P0022,4.0,1,2024-12-08
U0252,P0214,3.5,0,2024-03-29
U0125,P0137,3.0,0,2024-12-28
U0343,P0145,5.0,0,2024-11-05
U0414,P0240,2.5,0,2024-03-17
U0135,P0143,4.5,0,2024-08-04
U0376,P0062,2.5,0,2024-03-18
U0435,P0273,4.0,0,2024-06-27
U0064,P0262,3.5,0,2024-04-18
U0273,P0189,4.0,0,2024-03-19
U0460,P0121,4.0,0,2024-01-20
U0457,P0154,5.0,0,2024-07-24
U0145,P0001,4.0,1,2024-12-18
U0350,P0154,4.0,0,2024-02-20
U0476,P0232,5.0,1,2024-04-21
U0253,P0277,4.0,0,2024-09-02
U0019,P0020,2.0,0,2024-09-02
U0081,P0010,4.5,0,2024-09-20
U0149,P0194,4.5,0,2024-12-15
U0476,P0034,3.0,0,2024-09-20
U0138,P0160,4.5,0,2024-12-17
U0358,P0046,1.0,0,2024-03-27
U0099,P0053,3.5,0,2024-12-25
U0487,P0141,3.5,0,2024-09-21
U0447,P0165,3.0,0,2024-05-31
U0455,P0268,2.0,0,2024-05-30
U0207,P0141,2.5,0,2024-08-14
U0193,P0243,2.0,0,2024-04-27
U0005,P0243,1.5,0,2024-05-25
U0277,P0174,5.0,0,2024-04-25
U0188,P0150,5.0,0,2024-04-08
U0167,P0002,1.0,0,2024-05-31
U0401,P0069,2.5,0,2024-04-02
U0268,P0046,4.0,1,2024-10-30
U0344,P0060,4.5,1,2024-09-09
U0222,P0109,5.0,0,2024-06-14
U0205,P0248,4.5,0,2024-05-17
U0174,P0153,4.5,0,2024-08-29
U0304,P0117,4.0,0,2024-01-21
U0152,P0201,4.5,1,2024-05-04
U0258,P0152,3.0,0,2024-12-18
U0068,P0048,4.0,0,2024-02-16
U0261,P0214,3.0,0,2024-10-01
U0206,P0167,4.0,0,2024-04-16
U0328,P0132,3.5,1,2024-03-02
U0491,P0147,2.5,0,2024-01-03
U0421,P0267,3.5,0,2024-05-16
U0318,P0013,2.5,0,2024-03-09
U0425,P0089,2.5,0,2024-06-28
U0010,P0126,4.0,1,2024-09-04
U0140,P0251,4.5,0,2024-10-18
U0398,P0206,5.0,0,2024-04-19
U0370,P0086,3.0,0,2024-11-20
U0010,P0288,4.0,0,2024-01-24
U0291,P0168,3.5,0,2024-07-14
U0033,P0109,5.0,0,2024-05-26
U0427,P0013,2.5,0,2024-12-27
U0259,P0065,3.5,1,2024-07-13
U0426,P0134,1.5,0,2024-06-03
U0277,P0098,5.0,0,2024-02-16
U0214,P0259,4.0,0,2024-10-03
U0014,P0233,5.0,1,2024-10-05
U0479,P0030,2.0,0,2024-03-23
U0027,P0215,2.0,0,2024-08-08
U0015,P0061,5.0,1,2024-01-11
U0176,P0164,4.5,1,2024-02-19
U0410,P0012,3.0,0,2024-12-22
U0056,P0135,5.0,0,2024-04-20
U0420,P0293,5.0,0,2024-02-17
U0010,P0004,3.0,0,2024-02-13
U0056,P0025,5.0,0,2024-11-30
U0441,P0070,5.0,0,2024-10-30
U0460,P0110,3.5,1,2024-09-04
U0101,P0055,4.5,0,2024-10-04
U0017,P0197,3.5,0,2024-10-24
U0180,P0171,3.0,0,2024-11-14
U0337,P0027,3.5,0,2024-01-05
U0082,P0219,2.5,0,2024-03-10
U0115,P0049,4.0,1,2024-02-12
U0347,P0185,3.5,1,2024-08-08
U0352,P0050,3.5,0,2024-03-29
U0137,P0218,2.5,0,2024-06-24
U0171,P0266,4.5,0,2024-08-05
U0104,P0257,3.5,1,2024-02-22
U0442,P0144,4.5,0,2024-07-29
U0025,P0157,4.5,1,2024-02-29
U0467,P0066,3.5,0,2024-06-24
U0039,P0296,4.5,1,2024-07-22
U0008,P0038,3.5,0,2024-12-21
U0319,P0083,5.0,0,2024-06-15
U0321,P0202,4.0,0,2024-06-29
U0254,P0087,1.5,0,2024-07-03
U0091,P0230,3.0,0,2024-06-24
U0211,P0146,1.5,0,2024-09-15
U0412,P0105,3.5,1,2024-12-21
U0309,P0096,3.0,0,2024-12-10
U0310,P0155,4.0,1,2024-01-03
U0258,P0045,3.0,0,2024-10-27
U0327,P0032,3.5,0,2024-02-28
U0213,P0276,2.5,0,2024-07-28
U0444,P0187,4.5,0,2024-09-08
U0374,P0027,2.5,0,2024-07-09
U0334,P0242,4.0,0,2024-08-29
U0181,P0110,4.0,0,2024-08-01
U0150,P0171,4.0,0,2024-08-06
U0081,P0234,2.5,0,2024-02-05
U0449,P0242,2.0,0,2024-01-22
U0485,P0191,4.0,1,2024-08-17
U0107,P0208,2.0,0,2024-12-03
U0301,P0188,4.0,1,2024-09-22
U0329,P0163,5.0,1,2024-08-26
U0069,P0139,4.0,0,2024-10-21
U0358,P0239,5.0,1,2024-02-23
U0240,P0209,2.0,0,2024-06-13
U0366,P0072,3.5,0,2024-02-17
U0255,P0074,4.0,0,2024-03-24
U0010,P0164,2.0,0,2024-09-25
U0428,P0091,4.5,1,2024-08-05
U0348,P0124,4.0,0,2024-10-15
U0371,P0249,4.5,0,2024-10-30
U0067,P0256,3.0,0,2024-06-20
U0254,P0188,3.0,0,2024-08-02
U0375,P0255,3.0,0,2024-10-12
U0382,P0287,5.0,0,2024-04-03
U0106,P0095,2.5,0,2024-12-15
U0446,P0289,3.0,0,2024-12-21
U0168,P0102,3.0,0,2024-09-14
U0065,P0031,4.0,1,2024-12-27
U0146,P0140,4.5,1,2024-07-31
U0461,P0060,1.5,0,2024-03-28
U0027,P0156,4.5,1,2024-09-18
U0368,P0237,4.0,1,2024-10-12
U0378,P0081,3.5,1,2024-10-21
U0280,P0197,2.5,0,2024-03-01
U0425,P0051,2.0,0,2024-01-08
U0369,P0289,3.5,0,2024-04-16
U0027,P0062,2.0,0,2024-10-06
U0039,P0234,3.5,1,2024-06-24
U0121,P0163,3.5,1,2024-11-19
U0173,P0064,4.0,0,2024-03-06
U0331,P0067,4.0,0,2024-12-09
U0017,P0194,4.5,1,2024-09-18
U0194,P0091,5.0,1,2024-10-05
U0353,P0269,5.0,0,2024-04-26
U0280,P0255,4.0,1,2024-02-05
U0387,P0231,4.0,1,2024-02-13
U0091,P0152,4.0,0,2024-11-28
U0282,P0206,5.0,0,2024-06-23
U0108,P0192,2.0,0,2024-12-02
U0132,P0149,4.0,1,2024-01-03
U0474,P0185,3.0,0,2024-03-30
U0408,P0014,1.5,0,2024-07-13
U0397,P0082,5.0,1,2024-06-12
U0307,P0221,2.0,0,2024-04-25
U0052,P0076,3.0,0,2024-02-15
U0332,P0028,3.5,0,2024-01-18
U0086,P0230,2.0,0,2024-06-26
U0357,P0148,4.0,1,2024-12-21
U0281,P0014,3.0,0,2024-09-17
U0456,P0141,3.0,0,2024-11-08
U0026,P0175,2.5,0,2024-03-03
U0236,P0207,3.5,0,2024-01-18
U0080,P0226,3.0,0,2024-09-11
U0072,P0203,5.0,0,2024-08-04
U0245,P0107,5.0,0,2024-12-26
U0199,P0242,1.5,0,2024-05-09
U0227,P0196,3.5,1,2024-05-19
U0119,P0267,4.0,0,2024-05-13
U0181,P0072,2.0,0,2024-11-08
U0117,P0060,5.0,0,2024-07-28
U0296,P0256,3.5,1,2024-04-14
U0420,P0206,4.0,0,2024-09-29
U0137,P0032,3.0,0,2024-06-14
U0316,P0249,1.0,0,2024-09-17
U0063,P0009,3.5,1,2024-08-04
U0196,P0046,4.5,0,2024-07-14
U0106,P0071,3.0,0,2024-07-22
U0153,P0020,5.0,0,2024-09-02
U0272,P0157,3.0,0,2024-04-25
U0435,P0252,2.5,0,2024-02-25
U0079,P0193,1.5,0,2024-01-05
U0106,P0100,3.5,0,2024-02-20
U0079,P0106,3.0,0,2024-03-03
U0076,P0081,3.0,0,2024-07-03
U0498,P0198,3.5,0,2024-09-01
U0140,P0247,2.0,0,2024-04-28
U0454,P0096,4.0,0,2024-09-18
U0244,P0103,2.5,0,2024-01-18
U0313,P0087,3.0,0,2024-07-12
U0461,P0205,5.0,0,2024-04-13
U0034,P0127,3.5,0,2024-10-22
U0179,P0131,3.5,0,2024-10-30
U0061,P0173,3.5,0,2024-10-10
U0466,P0272,4.0,1,2024-12-26
U0077,P0009,4.5,1,2024-11-02
U0076,P0189,5.0,1,2024-05-23
U0456,P0196,4.5,1,2024-07-23
U0469,P0179,4.0,0,2024-08-14
U0016,P0268,5.0,1,2024-06-09
U0161,P0210,3.5,1,2024-09-11
U0471,P0160,3.5,0,2024-03-18
U0337,P0189,4.0,1,2024-04-25
U0269,P0102,3.0,0,2024-02-03
U0284,P0284,4.0,0,2024-06-27
U0047,P0231,3.5,0,2024-10-23
U0308,P0134,3.0,0,2024-11-25
U0066,P0205,5.0,1,2024-11-12
U0430,P0203,4.5,0,2024-02-28
U0386,P0105,1.5,0,2024-02-04
U0162,P0287,2.5,0,2024-01-19
U0452,P0264,4.5,0,2024-06-24
U0163,P0131,4.0,1,2024-06-22
U0103,P0234,4.0,0,2024-09-29
U0465,P0166,4.5,0,2024-07-07
U0360,P0275,3.0,0,2024-01-14
U0411,P0087,3.5,1,2024-04-11
U0337,P0011,4.5,0,2024-10-28
U0443,P0237,4.5,1,2024-09-02
U0056,P0043,4.0,0,2024-08-18
U0008,P0104,4.5,1,2024-12-26
U0397,P0219,2.0,0,2024-08-28
U0411,P0109,3.0,0,2024-09-12
U0481,P0083,3.5,0,2024-01-08
U0294,P0108,4.5,1,2024-06-22
U0346,P0236,3.0,0,2024-02-08
U0220,P0090,4.5,0,2024-06-27
U0133,P0147,2.0,0,2024-04-18
U0126,P0146,5.0,1,2024-11-04
U0306,P0058,2.5,0,2024-09-25
U0020,P0268,3.5,0,2024-06-13
U0378,P0100,3.0,0,2024-08-18
U0228,P0013,3.5,1,2024-08-12
U0258,P0096,5.0,0,2024-06-30
U0206,P0066,3.0,0,2024-09-30
U0276,P0208,2.5,0,2024-05-03
U0364,P0180,3.5,1,2024-03-14
U0447,P0049,3.0,0,2024-01-23
U0098,P0153,2.5,0,2024-11-08
U0190,P0023,2.0,0,2024-10-15
U0046,P0040,4.0,1,2024-01-15
U0379,P0204,3.5,0,2024-01-27
U0002,P0117,4.0,0,2024-12-28
U0383,P0184,2.0,0,2024-07-28
U0448,P0256,5.0,1,2024-09-16
U0441,P0149,3.5,1,2024-11-28
U0438,P0197,3.0,0,2024-06-20
U0271,P0145,4.0,1,2024-03-12
U0028,P0047,3.0,0,2024-04-08
U0308,P0140,2.5,0,2024-03-23
U0048,P0132,2.5,0,2024-03-04
U0008,P0192,3.0,0,2024-09-12
U0243,P0047,3.5,1,2024-06-26
U0455,P0200,3.5,1,2024-04-24
U0496,P0063,5.0,0,2024-11-02
U0047,P0095,1.5,0,2024-12-26
U0013,P0201,5.0,1,2024-04-24
U0306,P0167,4.5,1,2024-02-20
U0362,P0121,5.0,0,2024-09-09
U0469,P0159,5.0,1,2024-03-12
U0263,P0221,3.0,0,2024-01-29
U0264,P0218,5.0,0,2024-11-16
U0108,P0241,3.5,1,2024-10-09
U0175,P0069,3.0,0,2024-10-07
U0283,P0103,2.5,0,2024-10-26
U0107,P0016,3.0,0,2024-07-20
U0421,P0203,4.0,1,2024-03-25
U0481,P0300,4.5,1,2024-11-07
U0414,P0089,4.0,1,2024-03-21
U0356,P0047,4.5,0,2024-12-20
U0236,P0227,4.0,1,2024-04-03
U0220,P0104,4.0,0,2024-08-21
U0405,P0205,4.5,0,2024-02-27
U0335,P0075,4.0,1,2024-06-06
U0206,P0037,3.0,0,2024-05-13
U0267,P0039,5.0,0,2024-01-28
U0220,P0038,3.5,0,2024-05-18
U0280,P0181,4.5,1,2024-01-13
U0346,P0114,4.0,1,2024-07-31
U0048,P0143,4.0,0,2024-09-01
U0255,P0054,3.5,0,2024-03-18
U0336,P0225,4.5,1,2024-11-11
U0378,P0234,2.5,0,2024-12-04
U0111,P0083,3.5,1,2024-06-06
U0286,P0181,2.5,0,2024-10-23
U0094,P0112,4.0,0,2024-12-11
U0072,P0178,5.0,0,2024-07-11
U0055,P0100,4.0,1,2024-04-11
U0374,P0121,5.0,1,2024-09-19
U0478,P0051,3.5,0,2024-05-03
U0405,P0240,5.0,0,2024-09-27
U0108,P0047,3.5,1,2024-04-24
U0396,P0108,4.0,0,2024-08-01
U0233,P0083,3.5,0,2024-07-06
U0172,P0005,2.5,0,2024-08-18
U0201,P0149,3.5,0,2024-06-17
U0038,P0282,3.5,0,2024-02-09
U0303,P0020,2.0,0,2024-04-18
U0193,P0141,4.0,1,2024-01-23
U0207,P0013,3.0,0,2024-12-24
U0038,P0044,5.0,0,2024-07-05
U0043,P0260,2.0,0,2024-01-05
U0068,P0265,3.5,1,2024-10-18
U0423,P0122,4.0,0,2024-04-05
U0262,P0136,2.0,0,2024-04-29
U0430,P0049,3.0,0,2024-12-07
U0146,P0267,4.0,1,2024-04-11
U0425,P0086,5.0,0,2024-12-22
U0073,P0127,3.5,1,2024-06-09
U0352,P0290,2.0,0,2024-02-19
U0175,P0185,3.0,0,2024-12-11
U0081,P0104,3.5,0,2024-09-05
U0147,P0007,2.0,0,2024-04-03
U0369,P0186,3.5,0,2024-07-22
U0042,P0067,3.5,0,2024-11-30
U0256,P0150,2.5,0,2024-10-05
U0059,P0243,3.0,0,2024-02-29
U0329,P0162,3.5,0,2024-03-03
U0184,P0096,2.5,0,2024-03-13
U0335,P0201,4.5,1,2024-01-09
U0236,P0173,3.0,0,2024-05-13
U0027,P0203,4.5,1,2024-01-30
U0466,P0190,4.0,1,2024-05-24
U0489,P0161,3.5,0,2024-11-11
U0166,P0244,2.5,0,2024-11-09
U0259,P0043,3.0,0,2024-01-23
U0393,P0265,4.5,0,2024-03-27
U0219,P0176,2.0,0,2024-01-27
U0430,P0223,3.5,1,2024-10-04
U0272,P0281,4.5,0,2024-10-20
U0098,P0150,3.5,0,2024-08-23
U0048,P0086,2.5,0,2024-06-09
U0428,P0052,1.0,0,2024-02-07
U0355,P0231,4.5,0,2024-03-08
U0179,P0042,4.5,0,2024-08-31
U0356,P0100,4.5,0,2024-07-11
U0333,P0161,4.5,0,2024-02-16
U0270,P0063,2.0,0,2024-01-19
U0347,P0037,4.0,0,2024-02-05
U0372,P0265,2.0,0,2024-07-14
U0078,P0021,3.5,1,2024-09-29
U0342,P0080,4.0,0,2024-06-22
U0431,P0101,4.0,0,2024-09-05
U0105,P0287,2.0,0,2024-06-17
U0420,P0193,3.5,1,2024-01-28
U0342,P0227,1.5,0,2024-11-27
U0147,P0027,2.5,0,2024-03-14
U0239,P0252,1.5,0,2024-12-22
U0111,P0207,1.0,0,2024-08-05
U0494,P0076,5.0,0,2024-07-24
U0258,P0027,3.5,1,2024-08-27
U0073,P0279,3.0,0,2024-03-21
U0084,P0012,5.0,0,2024-10-22
U0135,P0191,3.5,1,2024-12-07
U0241,P0241,3.0,0,2024-05-25
U0216,P0231,3.5,1,2024-12-12
U0014,P0245,4.5,1,2024-02-05
U0178,P0113,4.0,0,2024-02-17
U0062,P0239,5.0,1,2024-12-12
U0489,P0178,2.0,0,2024-12-10
U0410,P0028,3.0,0,2024-08-26
U0463,P0243,3.5,1,2024-04-15
U0189,P0010,2.0,0,2024-02-09
U0193,P0016,5.0,0,2024-05-23
U0389,P0134,2.5,0,2024-09-25
U0384,P0052,4.0,1,2024-06-13
U0013,P0252,4.0,1,2024-12-24
U0368,P0244,3.5,0,2024-07-20
U0458,P0286,2.0,0,2024-12-25
U0213,P0294,4.0,0,2024-06-25
U0147,P0111,2.5,0,2024-06-02
U0130,P0017,5.0,1,2024-07-22
U0099,P0023,5.0,1,2024-10-26
U0426,P0248,4.5,0,2024-05-10
U0009,P0298,3.0,0,2024-02-28
U0021,P0157,3.5,0,2024-03-01
U0064,P0203,3.0,0,2024-05-01
U0318,P0269,4.5,0,2024-03-10
U0160,P0050,5.0,1,2024-08-30
U0108,P0176,5.0,0,2024-05-12
U0395,P0291,2.0,0,2024-07-21
U0096,P0237,2.0,0,2024-04-26
U0456,P0106,2.0,0,2024-01-20
U0122,P0154,4.0,0,2024-06-17
U0059,P0228,2.5,0,2024-01-03
U0293,P0269,4.0,0,2024-09-21
U0239,P0016,3.5,0,2024-05-08
U0352,P0115,4.5,0,2024-08-01
U0404,P0027,4.0,1,2024-08-19
U0261,P0048,3.5,1,2024-12-17
U0036,P0278,2.5,0,2024-01-17
U0202,P0245,4.5,1,2024-03-18
U0056,P0173,3.0,0,2024-04-18
U0044,P0072,4.5,0,2024-01-18
U0093,P0217,4.5,0,2024-01-19
U0120,P0204,5.0,0,2024-07-07
U0493,P0067,4.0,0,2024-12-26
U0241,P0222,5.0,1,2024-11-08
U0403,P0253,5.0,0,2024-09-16
U0005,P0262,4.0,1,2024-12-22
U0445,P0089,5.0,1,2024-04-24
U0428,P0036,3.5,0,2024-02-19
U0428,P0059,4.0,1,2024-02-04
U0023,P0195,3.5,1,2024-04-09
U0445,P0046,4.5,1,2024-01-07
U0258,P0220,2.0,0,2024-08-27
U0106,P0232,5.0,1,2024-11-26
U0177,P0011,4.0,1,2024-05-01
U0399,P0031,4.5,1,2024-04-01
U0409,P0129,2.0,0,2024-07-15
U0458,P0196,3.5,0,2024-10-02
U0450,P0191,5.0,1,2024-10-14
U0186,P0166,2.0,0,2024-09-03
U0337,P0096,3.5,1,2024-09-06
U0494,P0137,1.0,0,2024-09-06
U0478,P0173,4.5,1,2024-06-03
U0186,P0069,2.0,0,2024-09-05
U0105,P0271,3.5,0,2024-10-21
U0134,P0161,4.0,1,2024-06-07
U0331,P0107,2.0,0,2024-03-27
U0067,P0137,4.0,0,2024-06-26
U0377,P0018,2.0,0,2024-05-28
U0247,P0136,4.0,0,2024-02-19
U0215,P0008,4.5,0,2024-05-09
U0324,P0194,5.0,0,2024-08-07
U0398,P0120,3.5,0,2024-06-14
U0187,P0189,3.0,0,2024-02-10
U0377,P0189,5.0,0,2024-06-08
U0264,P0173,3.0,0,2024-07-28
U0496,P0164,2.0,0,2024-01-05
U0034,P0071,3.0,0,2024-08-06
U0113,P0045,2.0,0,2024-03-23
U0450,P0060,5.0,1,2024-07-25
U0174,P0276,4.5,1,2024-09-15
U0482,P0056,4.5,0,2024-09-09
U0142,P0008,4.0,0,2024-04-19
U0008,P0139,4.5,1,2024-01-06
U0483,P0008,4.5,0,2024-11-25
U0370,P0216,5.0,0,2024-05-19
U0441,P0159,4.0,0,2024-12-17
U0400,P0149,2.5,0,2024-02-29
U0435,P0070,3.0,0,2024-03-13
U0449,P0078,3.0,0,2024-02-25
U0331,P0070,4.5,0,2024-05-27
U0405,P0237,3.0,0,2024-03-27
U0250,P0151,5.0,1,2024-05-07
U0078,P0159,2.0,0,2024-01-22
U0287,P0149,2.5,0,2024-09-28
U0276,P0047,4.0,1,2024-08-29
U0301,P0164,3.5,1,2024-09-27
U0110,P0202,3.0,0,2024-12-02
U0213,P0229,2.0,0,2024-09-27
U0065,P0010,4.5,1,2024-09-23
U0118,P0075,5.0,1,2024-09-02
U0346,P0054,4.0,0,2024-02-24
U0201,P0108,2.5,0,2024-10-30
U0132,P0021,4.5,0,2024-09-17
U0178,P0117,3.0,0,2024-12-05
U0412,P0103,4.0,1,2024-12-14
U0383,P0276,2.5,0,2024-12-03
U0162,P0154,4.0,1,2024-06-26
U0424,P0259,2.5,0,2024-09-29
U0189,P0187,5.0,1,2024-06-21
U0200,P0285,2.5,0,2024-05-30
U0111,P0276,3.0,0,2024-10-27
U0195,P0294,4.0,0,2024-09-23
U0214,P0199,4.0,0,2024-07-29
U0476,P0091,3.5,0,2024-07-08
U0046,P0203,3.5,0,2024-11-22
U0383,P0001,4.5,1,2024-09-05
U0392,P0073,5.0,1,2024-11-30
U0036,P0155,1.5,0,2024-03-17
U0078,P0158,3.5,1,2024-06-20
U0455,P0295,3.5,0,2024-09-09
U0375,P0177,4.5,1,2024-11-02
U0302,P0294,3.5,0,2024-10-14
U0154,P0071,3.5,0,2024-05-29
U0338,P0212,5.0,1,2024-02-23
U0065,P0221,3.5,1,2024-12-25
U0498,P0025,4.5,1,2024-01-08
U0223,P0128,3.5,0,2024-04-13
U0361,P0113,2.0,0,2024-12-12
U0081,P0242,3.0,0,2024-01-31
U0317,P0203,4.0,1,2024-09-15
U0017,P0166,3.0,0,2024-10-17
U0385,P0084,4.0,0,2024-12-11
U0136,P0031,4.5,0,2024-06-03
U0272,P0219,5.0,1,2024-05-08
U0283,P0030,2.5,0,2024-01-09
U0309,P0260,4.5,0,2024-08-02
U0079,P0103,1.5,0,2024-04-20
U0456,P0231,5.0,1,2024-11-30
U0099,P0161,3.5,0,2024-04-26
U0241,P0050,2.0,0,2024-10-19
U0163,P0254,3.5,0,2024-09-30
U0278,P0005,3.0,0,2024-08-03
U0317,P0176,4.5,1,2024-11-04
U0460,P0061,4.0,0,2024-08-02
U0399,P0148,3.5,0,2024-01-18
U0169,P0224,4.0,0,2024-07-04
U0261,P0042,1.5,0,2024-11-19
U0230,P0254,4.0,0,2024-04-18
U0280,P0025,5.0,0,2024-11-30
U0085,P0279,3.5,1,2024-09-18
U0386,P0200,4.5,1,2024-08-16
U0190,P0093,3.5,0,2024-08-24
U0466,P0246,2.5,0,2024-02-06
U0064,P0019,5.0,1,2024-03-07
U0209,P0070,3.5,0,2024-03-19
U0477,P0032,4.5,1,2024-04-10
U0244,P0068,3.0,0,2024-08-13
U0077,P0167,3.5,1,2024-03-29
U0032,P0299,3.0,0,2024-07-21
U0116,P0227,4.5,1,2024-07-23
U0298,P0232,3.0,0,2024-10-18
U0220,P0286,4.0,0,2024-12-16
U0132,P0170,5.0,0,2024-11-04
U0157,P0116,3.5,0,2024-05-17
U0233,P0282,2.5,0,2024-11-15
U0021,P0216,3.5,1,2024-05-22
U0036,P0214,3.5,1,2024-06-19
U0183,P0116,3.0,0,2024-09-03
U0499,P0194,3.0,0,2024-04-22
U0228,P0016,2.5,0,2024-01-31
U0162,P0210,2.5,0,2024-07-02
U0015,P0209,3.0,0,2024-06-20
U0266,P0054,3.5,1,2024-09-16
U0108,P0239,5.0,0,2024-02-24
U0026,P0216,4.0,0,2024-07-26
U0133,P0262,4.0,0,2024-04-12
U0120,P0009,3.5,0,2024-01-15
U0037,P0117,3.5,0,2024-12-17
U0111,P0069,5.0,1,2024-02-16
U0085,P0199,1.5,0,2024-07-27
U0248,P0017,4.0,1,2024-06-04
U0442,P0018,4.5,1,2024-03-09
U0163,P0154,5.0,0,2024-06-05
U0309,P0271,3.5,1,2024-04-25
U0192,P0298,2.5,0,2024-07-01
U0437,P0235,3.5,1,2024-06-10
U0283,P0098,4.5,1,2024-10-12
U0149,P0190,3.0,0,2024-08-04
U0416,P0251,4.0,1,2024-03-27
U0040,P0025,3.0,0,2024-05-31
U0095,P0159,2.0,0,2024-01-16
U0018,P0216,4.0,0,2024-11-26
U0198,P0253,5.0,0,2024-02-01
U0392,P0184,4.5,0,2024-08-25
U0216,P0220,3.0,0,2024-09-08
U0114,P0238,2.5,0,2024-06-21
U0079,P0093,3.0,0,2024-08-10
U0081,P0233,3.5,1,2024-08-23
U0159,P0251,2.5,0,2024-02-21
U0209,P0039,4.0,1,2024-08-06
U0257,P0178,1.5,0,2024-07-05
U0337,P0233,3.5,1,2024-12-16
U0009,P0021,3.0,0,2024-06-20
U0025,P0165,4.5,1,2024-09-28
U0293,P0282,2.5,0,2024-05-29
U0330,P0044,5.0,1,2024-05-11
U0466,P0286,5.0,1,2024-09-26
U0162,P0051,4.5,1,2024-02-24
U0450,P0279,3.5,0,2024-11-18
U0084,P0038,4.5,0,2024-06-29
U0283,P0106,3.5,0,2024-06-29
U0213,P0056,3.5,0,2024-11-28
U0466,P0025,2.0,0,2024-07-29
U0305,P0087,5.0,0,2024-06-16
U0337,P0064,4.0,0,2024-09-01
U0449,P0198,3.0,0,2024-07-11
U0336,P0127,2.0,0,2024-12-28
U0237,P0153,3.0,0,2024-03-20
U0419,P0075,3.5,0,2024-05-17
U0254,P0138,3.5,1,2024-08-01
U0364,P0071,5.0,0,2024-08-16
U0152,P0176,3.0,0,2024-11-15
U0286,P0074,5.0,0,2024-12-18
U0300,P0011,5.0,0,2024-07-14
U0145,P0300,5.0,0,2024-03-03
U0029,P0285,3.0,0,2024-03-10
U0379,P0146,3.5,1,2024-11-17
U0205,P0241,3.5,0,2024-04-09
U0317,P0166,3.5,1,2024-09-25
U0165,P0215,4.0,1,2024-01-22
U0167,P0098,4.5,0,2024-06-15
U0350,P0018,4.5,0,2024-02-15
U0018,P0015,3.0,0,2024-11-30
U0335,P0193,5.0,1,2024-03-24
U0015,P0121,4.5,1,2024-06-16
U0270,P0050,5.0,1,2024-03-29
U0189,P0032,3.0,0,2024-01-30
U0488,P0076,5.0,0,2024-07-04
U0169,P0088,3.0,0,2024-05-14
U0046,P0161,2.0,0,2024-04-15
U0290,P0236,3.0,0,2024-07-10
U0153,P0047,4.0,0,2024-09-19
U0026,P0032,2.5,0,2024-08-16
U0269,P0231,5.0,0,2024-08-01
U0431,P0140,4.5,1,2024-05-28
U0075,P0084,4.5,1,2024-01-25
U0446,P0049,3.0,0,2024-11-29
U0440,P0274,3.5,1,2024-01-07
U0269,P0281,5.0,0,2024-03-30
U0042,P0202,2.0,0,2024-10-14
U0091,P0149,4.0,0,2024-07-05
U0205,P0283,5.0,0,2024-05-17
U0308,P0287,3.5,0,2024-12-12
U0325,P0087,5.0,0,2024-12-16
U0108,P0125,4.0,1,2024-02-18
U0369,P0148,5.0,1,2024-12-29
U0450,P0208,2.5,0,2024-03-24
U0157,P0253,2.5,0,2024-03-01
U0412,P0259,5.0,1,2024-01-07
U0188,P0133,3.5,0,2024-04-27
U0240,P0016,4.5,0,2024-08-18
U0434,P0156,3.5,1,2024-12-11
U0195,P0283,4.0,0,2024-04-04
U0499,P0002,4.5,0,2024-05-16
U0001,P0067,3.5,0,2024-05-09
U0398,P0167,5.0,0,2024-07-21
U0134,P0181,4.0,0,2024-12-07
U0195,P0104,5.0,0,2024-06-03
U0486,P0242,3.5,0,2024-01-30
U0096,P0038,2.5,0,2024-12-17
U0427,P0008,5.0,0,2024-02-12
U0484,P0259,2.5,0,2024-10-22
U0274,P0185,4.5,0,2024-10-28
U0311,P0180,3.0,0,2024-06-14
U0278,P0073,2.5,0,2024-04-24
U0051,P0127,3.5,0,2024-12-07
U0115,P0034,4.5,1,2024-09-24
U0116,P0293,5.0,1,2024-07-27
U0391,P0293,3.5,1,2024-04-01
U0467,P0221,5.0,0,2024-11-02
U0234,P0197,2.0,0,2024-01-25
U0395,P0036,2.5,0,2024-01-18
U0188,P0041,3.5,0,2024-11-02
U0079,P0292,2.5,0,2024-10-24
U0257,P0054,4.0,0,2024-02-08
U0414,P0121,2.0,0,2024-03-12
U0219,P0241,3.0,0,2024-05-02
U0244,P0033,3.5,1,2024-04-08
U0056,P0022,3.0,0,2024-09-20
U0225,P0258,3.0,0,2024-05-02
U0318,P0265,4.5,0,2024-05-28
U0405,P0063,4.0,1,2024-11-15
U0177,P0160,2.0,0,2024-05-14
U0263,P0083,5.0,1,2024-10-10
U0207,P0084,4.5,1,2024-05-10
U0270,P0206,5.0,0,2024-07-26
U0246,P0294,1.5,0,2024-02-25
U0319,P0131,2.5,0,2024-04-14
U0474,P0263,4.0,0,2024-03-25
U0214,P0207,3.5,1,2024-10-01
U0129,P0033,3.5,0,2024-06-16
U0481,P0014,4.0,0,2024-12-25
U0081,P0265,4.5,1,2024-01-03
U0307,P0073,3.5,0,2024-02-19
U0122,P0001,2.0,0,2024-03-19
U0345,P0201,4.5,0,2024-03-07
U0017,P0013,2.5,0,2024-12-10
U0446,P0171,4.0,0,2024-04-09
U0373,P0218,4.0,0,2024-01-17
U0322,P0074,3.5,0,2024-01-16
U0014,P0253,5.0,0,2024-06-06
U0224,P0099,4.5,1,2024-01-04
U0215,P0158,4.0,0,2024-04-02
U0460,P0028,4.5,1,2024-11-17
U0305,P0144,4.5,0,2024-04-16
U0390,P0092,3.5,0,2024-03-15
U0376,P0300,4.5,0,2024-06-15
U0236,P0202,2.0,0,2024-09-18
U0234,P0143,5.0,0,2024-08-06
U0274,P0229,4.5,0,2024-01-15
U0431,P0222,4.0,1,2024-03-24
U0192,P0261,4.5,0,2024-10-28
U0030,P0090,5.0,1,2024-03-07
U0023,P0023,4.0,0,2024-12-08
U0082,P0267,4.0,0,2024-02-21
U0175,P0115,4.0,1,2024-04-30
U0024,P0271,4.0,0,2024-09-11
U0059,P0209,4.5,1,2024-08-29
U0375,P0147,2.5,0,2024-06-30
U0057,P0030,2.0,0,2024-10-14
U0138,P0035,4.0,0,2024-11-26
U0105,P0221,3.5,0,2024-09-17
U0381,P0190,3.0,0,2024-10-03
U0336,P0197,4.5,0,2024-09-18
U0450,P0151,4.5,0,2024-02-20
U0192,P0296,4.0,0,2024-04-28
U0065,P0109,2.5,0,2024-09-08
U0403,P0012,3.5,1,2024-12-04
U0431,P0039,4.5,1,2024-11-02
U0496,P0286,3.5,0,2024-04-18
U0005,P0276,5.0,1,2024-10-20
U0417,P0162,5.0,0,2024-04-23
U0021,P0266,4.0,1,2024-08-27
U0431,P0200,3.5,0,2024-09-25
U0209,P0117,3.5,1,2024-09-13
U0367,P0119,2.0,0,2024-02-05
U0335,P0184,2.0,0,2024-06-26
U0096,P0212,4.0,1,2024-05-10
U0093,P0027,2.5,0,2024-05-02
U0440,P0099,3.0,0,2024-01-01
U0211,P0080,3.5,0,2024-06-01
U0350,P0179,4.5,0,2024-10-23
U0123,P0206,5.0,0,2024-07-25
U0434,P0137,3.5,1,2024-08-14
U0026,P0205,4.5,1,2024-11-07
U0212,P0173,4.5,0,2024-07-22
U0112,P0006,5.0,1,2024-12-15
U0495,P0229,4.5,1,2024-06-06
U0421,P0289,3.5,1,2024-05-18
U0078,P0050,3.0,0,2024-11-12
U0111,P0017,5.0,1,2024-06-20
U0287,P0175,2.0,0,2024-02-10
U0173,P0249,3.0,0,2024-06-06
U0333,P0232,5.0,1,2024-03-24
U0173,P0014,5.0,0,2024-10-14
U0262,P0137,3.5,0,2024-08-10
U0020,P0201,3.5,0,2024-07-07
U0468,P0158,5.0,0,2024-01-27
U0350,P0038,4.5,1,2024-11-16
U0387,P0286,2.5,0,2024-05-22
U0422,P0274,4.0,0,2024-03-12
U0403,P0179,4.0,0,2024-10-01
U0154,P0113,4.0,1,2024-09-11
U0476,P0182,3.5,1,2024-04-29
U0387,P0171,3.0,0,2024-03-12
U0080,P0209,5.0,1,2024-01-03
U0486,P0016,4.0,0,2024-04-06
U0276,P0027,4.0,1,2024-08-03
U0094,P0290,5.0,0,2024-09-21
U0148,P0292,3.0,0,2024-02-05
U0490,P0047,4.5,1,2024-10-25
U0236,P0061,5.0,1,2024-06-17
U0329,P0007,4.5,1,2024-04-05
U0317,P0047,3.0,0,2024-11-15
U0488,P0169,3.5,1,2024-06-09
U0308,P0105,2.5,0,2024-02-03
U0371,P0167,3.0,0,2024-05-04
U0120,P0163,3.5,0,2024-09-11
U0294,P0011,5.0,1,2024-04-19
U0328,P0250,3.5,1,2024-06-11
U0048,P0036,4.0,0,2024-02-01
U0123,P0062,2.5,0,2024-10-26
U0399,P0276,4.0,1,2024-08-07
U0371,P0016,3.5,0,2024-01-18
U0419,P0050,2.0,0,2024-01-03
U0232,P0097,3.0,0,2024-05-21
U0391,P0183,3.5,1,2024-09-02
U0081,P0285,3.5,1,2024-01-25
U0445,P0057,5.0,1,2024-12-26
U0441,P0041,3.5,1,2024-12-09
U0203,P0153,3.5,0,2024-04-14
U0275,P0015,3.5,0,2024-12-09
U0263,P0102,4.0,1,2024-05-24
U0366,P0077,3.5,1,2024-11-30
U0389,P0142,3.5,1,2024-10-11
U0124,P0119,4.5,1,2024-08-13
U0427,P0187,3.0,0,2024-01-03
U0285,P0246,3.5,1,2024-08-05
U0246,P0276,4.0,1,2024-01-21
U0257,P0051,2.0,0,2024-11-01
U0124,P0243,5.0,1,2024-04-26
U0118,P0129,2.0,0,2024-11-09
U0345,P0051,2.5,0,2024-06-21
U0462,P0297,4.5,0,2024-05-02
U0054,P0286,3.0,0,2024-04-13
U0045,P0148,4.0,0,2024-09-17
U0379,P0291,3.0,0,2024-07-30
U0300,P0172,3.0,0,2024-07-04
U0214,P0050,3.0,0,2024-04-18
U0467,P0284,4.0,1,2024-03-07
U0156,P0274,3.0,0,2024-03-14
U0049,P0240,4.5,0,2024-06-27
U0048,P0002,4.0,0,2024-01-30
U0097,P0007,1.5,0,2024-04-01
U0113,P0070,4.5,0,2024-12-12
U0337,P0144,3.5,0,2024-03-01
U0309,P0040,2.5,0,2024-10-25
U0021,P0295,5.0,1,2024-01-27
U0073,P0111,5.0,0,2024-05-22
U0034,P0016,3.0,0,2024-11-23
U0098,P0028,2.5,0,2024-03-28
U0318,P0107,2.5,0,2024-11-06
U0412,P0220,2.5,0,2024-03-05
U0380,P0131,2.5,0,2024-01-21
U0293,P0082,4.0,0,2024-04-30
U0090,P0180,3.5,0,2024-03-16
U0137,P0010,2.0,0,2024-08-06
U0060,P0123,4.5,0,2024-08-08
U0303,P0021,4.5,1,2024-11-03
U0046,P0257,4.0,1,2024-11-03
U0024,P0157,4.0,1,2024-11-15
U0412,P0059,4.0,0,2024-08-07
U0185,P0047,3.5,1,2024-11-04
U0034,P0086,5.0,1,2024-07-23
U0228,P0289,2.5,0,2024-09-07
U0135,P0177,3.5,0,2024-11-03
U0102,P0112,3.0,0,2024-01-02
U0119,P0172,3.0,0,2024-01-03
U0430,P0298,5.0,1,2024-10-03
U0249,P0291,5.0,0,2024-07-29
U0020,P0221,4.5,1,2024-06-28
U0492,P0014,4.0,0,2024-01-14
U0099,P0257,3.0,0,2024-09-16
U0164,P0101,4.5,0,2024-07-26
U0242,P0202,2.5,0,2024-10-04
U0112,P0234,2.0,0,2024-06-24
U0392,P0032,4.0,1,2024-10-03
U0041,P0104,4.5,0,2024-03-26
U0063,P0188,5.0,0,2024-04-19
U0276,P0270,4.0,1,2024-03-22
U0064,P0055,2.0,0,2024-08-18
U0497,P0237,2.5,0,2024-12-20
U0112,P0084,5.0,1,2024-09-21
U0320,P0017,4.5,0,2024-05-08
U0271,P0170,3.0,0,2024-03-01
U0488,P0026,3.0,0,2024-03-23
U0492,P0060,3.5,1,2024-10-18
U0152,P0146,2.0,0,2024-09-27
U0335,P0087,4.0,1,2024-08-28
U0344,P0228,4.5,1,2024-10-29
U0034,P0014,3.5,0,2024-11-29
U0176,P0131,3.5,1,2024-11-05
U0390,P0291,4.5,1,2024-01-02
U0361,P0068,4.5,1,2024-12-30
U0068,P0110,4.5,0,2024-06-18
U0129,P0167,3.5,0,2024-10-27
U0077,P0049,3.0,0,2024-10-06
U0065,P0025,4.0,0,2024-05-21
U0100,P0080,4.5,1,2024-03-06
U0335,P0244,3.0,0,2024-08-18
U0308,P0053,4.5,0,2024-03-04
U0218,P0114,4.0,1,2024-08-12
U0246,P0134,3.5,1,2024-03-19
U0436,P0250,1.5,0,2024-03-27
U0304,P0172,4.0,0,2024-11-19
U0441,P0235,4.0,0,2024-11-09
U0241,P0049,5.0,0,2024-05-20
U0115,P0057,4.5,1,2024-11-05
U0133,P0098,5.0,0,2024-08-24
U0381,P0165,2.5,0,2024-03-26
U0177,P0038,3.0,0,2024-07-21
U0329,P0132,4.0,0,2024-03-05
U0281,P0073,2.0,0,2024-10-19
U0209,P0107,4.0,1,2024-11-22
U0218,P0077,5.0,1,2024-09-25
U0340,P0273,4.5,0,2024-10-30
U0268,P0248,3.5,0,2024-09-27
U0401,P0260,3.5,0,2024-05-17
U0242,P0156,1.5,0,2024-07-02
U0195,P0068,3.5,1,2024-05-13
U0309,P0007,3.0,0,2024-10-16
U0168,P0111,4.5,0,2024-11-01
U0112,P0173,5.0,0,2024-11-23
U0215,P0084,3.5,1,2024-08-17
U0434,P0078,3.0,0,2024-09-20
U0110,P0238,3.5,1,2024-04-08
U0339,P0019,3.0,0,2024-05-19
U0302,P0216,5.0,0,2024-11-01
U0420,P0080,4.0,1,2024-04-30
U0346,P0121,4.5,0,2024-10-06
U0079,P0244,4.0,1,2024-02-20
U0232,P0218,3.0,0,2024-11-06
U0375,P0042,2.5,0,2024-01-21
U0010,P0297,4.5,1,2024-11-05
U0302,P0222,4.5,0,2024-06-19
U0318,P0115,4.5,0,2024-04-29
U0243,P0295,3.0,0,2024-02-14
U0146,P0213,4.5,1,2024-08-15
U0298,P0019,2.5,0,2024-09-07
U0041,P0250,4.0,0,2024-05-01
U0077,P0297,2.0,0,2024-06-18
U0006,P0225,3.5,0,2024-06-20
U0442,P0269,2.5,0,2024-01-19
U0354,P0250,5.0,1,2024-12-12
U0059,P0159,3.0,0,2024-09-27
U0121,P0021,3.0,0,2024-12-22
U0429,P0010,3.0,0,2024-07-30
U0068,P0024,3.0,0,2024-06-24
U0429,P0212,4.0,0,2024-12-26
U0274,P0186,5.0,0,2024-12-14
U0411,P0064,4.0,0,2024-03-04
U0362,P0124,5.0,0,2024-11-15
U0245,P0087,3.5,1,2024-06-09
U0140,P0091,5.0,1,2024-01-12
U0335,P0079,4.5,1,2024-11-16
U0250,P0196,4.5,1,2024-04-06
U0380,P0297,4.5,0,2024-04-06
U0257,P0214,3.5,0,2024-06-17
U0435,P0088,4.0,1,2024-03-06
U0315,P0243,5.0,1,2024-08-05
U0463,P0080,3.0,0,2024-10-27
U0173,P0138,3.5,1,2024-05-15
U0248,P0101,3.0,0,2024-11-29
U0143,P0044,4.5,0,2024-06-08
U0333,P0198,5.0,0,2024-05-18
U0160,P0293,3.5,0,2024-04-20
U0408,P0210,3.0,0,2024-05-19
U0144,P0210,3.0,0,2024-07-23
U0415,P0237,4.0,0,2024-04-26
U0153,P0082,4.0,0,2024-10-30
U0467,P0227,4.0,0,2024-11-16
U0172,P0194,3.0,0,2024-11-24
U0071,P0152,4.5,1,2024-09-01
U0007,P0089,5.0,0,2024-05-07
U0195,P0210,3.5,0,2024-04-19
U0413,P0132,3.0,0,2024-07-28
U0036,P0212,5.0,0,2024-08-09
U0217,P0192,4.0,0,2024-08-15
U0403,P0087,4.5,1,2024-05-20
U0025,P0177,4.5,1,2024-10-03
U0185,P0144,5.0,0,2024-02-25
U0229,P0235,5.0,0,2024-05-29
U0361,P0286,4.5,1,2024-07-20
U0468,P0233,3.5,0,2024-06-02
U0364,P0237,5.0,0,2024-02-20
U0075,P0043,3.5,1,2024-11-18
U0130,P0180,3.5,1,2024-11-16
U0276,P0169,3.5,1,2024-01-23
U0294,P0189,5.0,1,2024-01-10
U0051,P0001,5.0,1,2024-09-05
U0102,P0176,4.5,0,2024-10-17
U0169,P0184,4.5,0,2024-11-10
U0434,P0205,5.0,0,2024-01-21
U0316,P0108,4.0,0,2024-05-02
U0362,P0214,4.5,0,2024-03-28
U0280,P0043,4.5,0,2024-06-30
U0265,P0122,5.0,0,2024-12-28
U0218,P0054,5.0,0,2024-11-30
U0070,P0257,5.0,0,2024-12-01
U0019,P0222,5.0,0,2024-02-17
U0096,P0176,3.0,0,2024-01-29
U0444,P0151,4.0,1,2024-01-07
U0305,P0011,3.5,0,2024-11-24
U0357,P0199,4.5,1,2024-09-15
U0334,P0134,3.0,0,2024-06-04
U0493,P0055,4.5,0,2024-03-21
U0384,P0264,5.0,1,2024-03-28
U0413,P0032,4.0,0,2024-02-26
U0257,P0272,4.5,1,2024-07-16
U0382,P0105,3.0,0,2024-10-19
U0335,P0197,4.0,0,2024-10-22
U0063,P0058,5.0,1,2024-03-13
U0431,P0272,2.0,0,2024-02-28
U0347,P0162,3.0,0,2024-07-31
U0302,P0188,3.5,0,2024-05-05
U0302,P0118,4.0,1,2024-03-21
U0494,P0045,4.5,1,2024-06-06
U0408,P0279,4.0,0,2024-08-11
U0263,P0141,3.5,1,2024-08-03
U0284,P0117,5.0,0,2024-02-12
U0242,P0021,4.5,1,2024-06-15
U0271,P0258,2.5,0,2024-01-31
U0197,P0094,3.5,0,2024-05-14
U0493,P0015,3.5,1,2024-12-28
U0306,P0032,4.5,0,2024-09-29
U0290,P0234,2.0,0,2024-04-12
U0033,P0089,2.0,0,2024-12-06
U0315,P0262,4.5,0,2024-04-21
U0015,P0114,3.0,0,2024-09-08
U0500,P0114,4.0,1,2024-11-29
U0477,P0258,4.0,0,2024-06-24
U0067,P0138,4.5,1,2024-10-10
U0416,P0018,4.5,1,2024-07-05
U0366,P0205,4.0,0,2024-09-10
U0031,P0171,5.0,1,2024-10-09
U0473,P0088,3.5,0,2024-11-11
U0460,P0050,4.0,0,2024-07-15
U0058,P0299,4.0,0,2024-07-03
U0367,P0250,3.5,0,2024-02-10
U0318,P0104,3.0,0,2024-01-10
U0120,P0056,3.0,0,2024-08-08
U0261,P0055,4.0,0,2024-07-23
U0129,P0216,4.0,1,2024-02-21
U0001,P0235,3.0,0,2024-08-30
U0044,P0108,4.0,1,2024-01-05
U0362,P0273,5.0,0,2024-12-12
U0025,P0208,3.5,0,2024-08-02
U0395,P0117,3.5,0,2024-07-15
U0216,P0090,2.5,0,2024-08-19
U0323,P0256,2.5,0,2024-03-05
U0190,P0232,4.0,0,2024-04-25
U0049,P0233,3.5,1,2024-02-22
U0112,P0144,5.0,1,2024-04-22
U0143,P0018,4.5,0,2024-04-17
U0284,P0014,2.5,0,2024-05-01
U0215,P0294,3.5,1,2024-11-15
U0089,P0222,3.5,0,2024-08-16
U0091,P0001,2.0,0,2024-03-18
U0141,P0040,3.5,1,2024-03-20
U0235,P0155,2.5,0,2024-03-25
U0089,P0039,3.5,1,2024-10-02
U0153,P0012,1.5,0,2024-11-02
U0262,P0069,3.5,1,2024-08-01
U0418,P0146,3.5,0,2024-03-01
U0363,P0095,3.5,1,2024-08-03
U0213,P0274,5.0,0,2024-02-16
U0392,P0088,4.5,1,2024-04-01
U0422,P0212,4.0,1,2024-08-29
U0090,P0022,3.5,0,2024-04-27
U0250,P0146,3.0,0,2024-04-06
U0462,P0107,4.5,0,2024-07-22
U0483,P0111,3.5,1,2024-05-16
U0279,P0071,4.0,0,2024-01-26
U0286,P0219,3.0,0,2024-08-30
U0166,P0257,3.0,0,2024-10-05
U0430,P0176,4.0,0,2024-12-04
U0170,P0161,5.0,0,2024-12-23
U0201,P0181,2.0,0,2024-06-01
U0438,P0014,2.5,0,2024-01-04
U0237,P0072,5.0,1,2024-09-04
U0301,P0026,5.0,1,2024-05-12
U0238,P0266,4.0,0,2024-11-01
U0060,P0028,4.0,0,2024-07-05
U0498,P0182,2.5,0,2024-05-09
U0463,P0209,3.0,0,2024-04-20
U0436,P0249,5.0,1,2024-03-05
U0389,P0088,3.5,0,2024-04-12
U0368,P0146,4.5,0,2024-09-21
U0476,P0024,5.0,0,2024-07-14
U0460,P0004,5.0,1,2024-05-28
U0380,P0042,3.0,0,2024-10-06
U0182,P0150,2.0,0,2024-07-07
U0139,P0033,1.5,0,2024-10-25
U0415,P0122,3.0,0,2024-08-05
U0089,P0087,4.0,0,2024-07-27
U0278,P0100,4.5,1,2024-12-01
U0094,P0074,3.5,0,2024-05-13
U0196,P0282,3.0,0,2024-10-20
U0208,P0163,2.5,0,2024-05-22
U0474,P0169,4.0,1,2024-03-13
U0467,P0234,2.5,0,2024-11-14
U0019,P0184,5.0,0,2024-11-17
U0435,P0293,2.0,0,2024-06-24
U0376,P0080,3.5,0,2024-09-19
U0185,P0004,3.5,1,2024-08-17
U0377,P0283,4.5,1,2024-12-30
U0276,P0187,4.5,1,2024-03-30
U0238,P0264,3.5,0,2024-01-17
U0140,P0151,2.0,0,2024-04-23
U0068,P0282,3.0,0,2024-05-04
U0397,P0298,3.0,0,2024-01-03
U0211,P0062,4.0,0,2024-03-01
U0123,P0119,5.0,0,2024-02-03
U0113,P0228,4.5,1,2024-10-13
U0155,P0296,4.5,1,2024-07-05
U0040,P0167,5.0,0,2024-05-22
U0204,P0252,3.5,1,2024-03-17
U0019,P0034,4.0,0,2024-09-06
U0227,P0204,3.0,0,2024-11-17
U0376,P0053,4.0,1,2024-08-27
U0139,P0146,3.0,0,2024-01-07
U0219,P0066,4.5,1,2024-04-30
U0124,P0080,3.0,0,2024-09-07
U0367,P0140,3.5,0,2024-04-24
U0295,P0275,5.0,0,2024-11-30
U0465,P0137,4.5,1,2024-04-08
U0151,P0137,3.0,0,2024-08-11
U0499,P0191,3.5,1,2024-02-19
U0314,P0187,5.0,1,2024-11-05
U0202,P0159,3.5,1,2024-03-13
U0048,P0266,4.5,1,2024-04-09
U0116,P0280,3.5,1,2024-04-25
U0174,P0157,3.0,0,2024-05-05
U0145,P0061,4.0,1,2024-12-12
U0498,P0001,4.0,1,2024-08-05
U0207,P0109,4.0,0,2024-08-15
U0088,P0248,5.0,0,2024-01-18
U0071,P0288,2.5,0,2024-10-25
U0339,P0179,4.5,1,2024-05-02
U0058,P0075,2.5,0,2024-04-21
U0128,P0047,3.0,0,2024-08-10
U0124,P0191,4.0,0,2024-04-05
U0107,P0103,3.5,1,2024-06-27
U0267,P0188,5.0,1,2024-02-18
U0275,P0071,3.5,0,2024-01-11
U0201,P0144,3.0,0,2024-01-03
U0214,P0032,2.5,0,2024-03-29
U0109,P0141,4.0,0,2024-02-21
U0112,P0043,4.5,0,2024-05-01
U0331,P0117,3.5,1,2024-06-15
U0028,P0188,5.0,0,2024-10-05
U0469,P0165,4.0,0,2024-10-27
U0090,P0243,4.5,1,2024-07-31
U0343,P0220,3.0,0,2024-03-01
U0491,P0098,3.0,0,2024-06-18
U0438,P0105,4.0,0,2024-03-05
U0198,P0158,4.0,1,2024-03-25
U0500,P0023,3.5,0,2024-11-23
U0098,P0184,4.0,1,2024-09-28
U0213,P0157,3.0,0,2024-01-22
U0462,P0234,3.5,0,2024-07-06
U0058,P0275,3.0,0,2024-08-11
U0498,P0039,3.5,1,2024-04-16
U0297,P0062,3.5,0,2024-08-27
U0358,P0104,3.0,0,2024-12-12
U0393,P0130,3.5,1,2024-05-23
U0256,P0184,4.0,1,2024-05-10
U0479,P0021,5.0,1,2024-04-23
U0180,P0275,3.5,0,2024-11-18
U0424,P0116,2.0,0,2024-06-29
U0077,P0019,2.5,0,2024-01-13
U0092,P0139,2.5,0,2024-09-29
U0304,P0209,5.0,0,2024-05-16
U0077,P0140,3.0,0,2024-05-14
U0142,P0013,3.0,0,2024-10-16
U0208,P0146,3.5,0,2024-08-11
U0001,P0265,3.5,0,2024-09-22
U0351,P0244,3.0,0,2024-11-15
U0222,P0254,3.5,1,2024-07-06
U0112,P0219,5.0,1,2024-09-12
U0150,P0185,3.0,0,2024-09-30
U0333,P0049,4.0,0,2024-08-29
U0117,P0017,2.5,0,2024-11-08
U0349,P0187,3.5,0,2024-12-30
U0232,P0092,5.0,1,2024-11-16
U0093,P0221,5.0,1,2024-12-05
U0441,P0204,3.5,0,2024-10-05
U0198,P0007,2.5,0,2024-09-04
U0368,P0223,5.0,0,2024-05-19
U0397,P0190,4.0,1,2024-06-11
U0060,P0256,4.0,0,2024-07-08
U0489,P0095,5.0,0,2024-10-14
U0294,P0215,2.5,0,2024-11-27
U0128,P0154,4.5,1,2024-04-16
U0348,P0051,5.0,0,2024-01-07
U0346,P0178,3.5,0,2024-09-28
U0495,P0298,4.5,1,2024-02-12
U0468,P0029,4.5,0,2024-08-05
U0137,P0044,2.5,0,2024-08-21
U0458,P0194,2.5,0,2024-12-01
U0356,P0093,4.5,1,2024-09-09
U0449,P0216,4.0,1,2024-06-23
U0194,P0295,3.5,0,2024-03-15
U0344,P0230,4.0,1,2024-06-19
U0072,P0281,3.0,0,2024-03-11
U0263,P0274,4.0,0,2024-03-13
U0102,P0179,3.0,0,2024-07-11
U0441,P0079,3.5,0,2024-07-20
U0162,P0112,2.5,0,2024-12-02
U0032,P0247,3.0,0,2024-09-06
U0226,P0234,4.0,0,2024-10-28
U0153,P0095,5.0,1,2024-10-11
U0009,P0099,5.0,1,2024-03-09
U0277,P0132,2.0,0,2024-02-13
U0123,P0178,2.5,0,2024-02-25
U0081,P0128,4.5,0,2024-03-20
U0474,P0175,2.5,0,2024-08-06
U0436,P0138,4.0,1,2024-05-20
U0334,P0194,4.0,0,2024-08-04
U0046,P0002,4.0,1,2024-11-10
U0436,P0165,3.0,0,2024-02-04
U0002,P0138,3.5,0,2024-10-25
U0197,P0038,5.0,0,2024-06-19
U0452,P0078,2.5,0,2024-05-14
U0272,P0255,3.5,0,2024-11-10
U0496,P0272,3.5,0,2024-09-19
U0293,P0123,4.5,1,2024-04-13
U0141,P0139,1.0,0,2024-09-28
U0050,P0097,5.0,0,2024-11-04
U0438,P0062,4.0,1,2024-11-07
U0376,P0056,4.0,0,2024-04-28
U0007,P0248,5.0,0,2024-03-15
U0351,P0187,3.5,0,2024-02-21
U0263,P0281,4.0,0,2024-03-01
U0365,P0206,2.5,0,2024-08-22
U0121,P0050,4.0,1,2024-01-22
U0371,P0145,2.5,0,2024-12-13
U0479,P0128,3.0,0,2024-10-04
U0237,P0024,3.0,0,2024-01-19
U0055,P0077,5.0,0,2024-10-08
U0249,P0220,4.5,1,2024-11-25
U0396,P0074,5.0,1,2024-09-16
U0004,P0061,4.0,1,2024-04-08
U0180,P0265,3.5,0,2024-12-17
U0339,P0023,3.0,0,2024-04-02
U0280,P0179,4.0,1,2024-01-01
U0043,P0197,4.5,1,2024-09-01
U0500,P0257,2.5,0,2024-11-30
U0071,P0285,4.0,1,2024-11-15
U0212,P0205,2.0,0,2024-12-29
U0216,P0207,3.5,1,2024-04-03
U0478,P0217,4.0,1,2024-06-01
U0442,P0006,4.0,0,2024-12-21
U0277,P0112,4.5,0,2024-11-06
U0271,P0112,2.0,0,2024-03-04
U0289,P0199,3.5,0,2024-07-23
U0492,P0188,3.5,0,2024-01-24
U0434,P0103,4.0,1,2024-09-18
U0215,P0161,3.5,1,2024-05-28
U0340,P0111,3.5,1,2024-10-10
U0354,P0025,5.0,0,2024-08-26
U0190,P0095,5.0,0,2024-03-16
U0329,P0229,5.0,0,2024-03-12
U0225,P0017,2.5,0,2024-02-15
U0001,P0219,3.0,0,2024-04-11
U0291,P0044,3.0,0,2024-10-04
U0493,P0274,4.5,1,2024-03-27
U0078,P0299,4.0,1,2024-02-02
U0115,P0267,5.0,1,2024-05-22
U0228,P0043,5.0,1,2024-02-10
U0238,P0089,4.0,1,2024-04-07
U0146,P0277,3.5,0,2024-10-14
U0010,P0034,4.5,1,2024-05-18
U0355,P0074,4.0,1,2024-06-09
U0233,P0010,4.5,1,2024-08-14
U0273,P0008,4.5,1,2024-09-13
U0135,P0016,5.0,0,2024-08-30
U0252,P0130,3.5,1,2024-03-07
U0199,P0001,4.5,1,2024-12-23
U0115,P0023,3.5,0,2024-06-21
U0033,P0159,4.0,1,2024-07-14
U0284,P0208,3.0,0,2024-05-17
U0270,P0196,5.0,1,2024-01-16
U0233,P0130,2.0,0,2024-12-15
U0340,P0234,3.5,0,2024-11-18
U0402,P0137,4.5,0,2024-09-10
U0213,P0044,3.0,0,2024-12-12
U0032,P0133,2.0,0,2024-02-04
U0026,P0285,4.0,1,2024-06-04
U0471,P0033,3.5,0,2024-12-29
U0430,P0066,4.0,0,2024-04-02
U0325,P0265,4.0,1,2024-07-14
U0058,P0204,5.0,1,2024-12-27
U0035,P0240,3.0,0,2024-05-15
U0430,P0243,2.0,0,2024-04-15
U0071,P0076,2.5,0,2024-01-14
U0459,P0189,2.0,0,2024-12-29
U0239,P0091,3.0,0,2024-01-12
U0169,P0253,3.0,0,2024-05-21
U0385,P0173,2.5,0,2024-08-08
U0053,P0204,5.0,1,2024-02-14
U0018,P0032,3.0,0,2024-07-23
U0499,P0135,2.5,0,2024-06-12
U0324,P0128,1.5,0,2024-05-01
U0247,P0251,4.5,0,2024-01-25
U0429,P0038,5.0,0,2024-08-20
U0465,P0112,4.5,0,2024-10-03
U0382,P0054,3.5,1,2024-11-08
U0089,P0216,5.0,0,2024-12-24
U0491,P0256,4.5,1,2024-03-13
U0119,P0195,3.0,0,2024-05-18
U0372,P0154,3.0,0,2024-02-22
U0142,P0029,4.0,1,2024-02-13
U0062,P0042,3.5,0,2024-01-24
U0140,P0297,2.0,0,2024-02-12
U0352,P0121,5.0,0,2024-07-30
U0008,P0122,5.0,0,2024-01-15
U0270,P0027,3.5,0,2024-12-11
U0240,P0180,3.0,0,2024-08-02
U0077,P0181,2.5,0,2024-06-22
U0354,P0029,4.5,0,2024-02-16
U0005,P0084,2.5,0,2024-05-12
U0394,P0281,2.0,0,2024-12-07
U0171,P0049,3.5,1,2024-01-20
U0483,P0139,2.0,0,2024-07-16
U0273,P0182,5.0,1,2024-01-10
U0149,P0107,5.0,1,2024-05-08
U0405,P0087,1.0,0,2024-09-05
U0329,P0063,4.5,0,2024-03-03
U0143,P0285,3.5,1,2024-11-20
U0226,P0259,4.5,1,2024-06-05
U0225,P0272,2.5,0,2024-05-11
U0113,P0089,3.0,0,2024-06-09
U0223,P0241,2.5,0,2024-05-13
U0220,P0055,4.0,1,2024-02-02
U0343,P0010,4.5,0,2024-11-18
U0400,P0269,4.0,1,2024-05-21
U0248,P0038,3.5,0,2024-05-26
U0066,P0276,5.0,0,2024-12-17
U0414,P0097,2.5,0,2024-04-17
U0119,P0162,4.5,1,2024-11-08
U0255,P0024,3.5,0,2024-02-03
U0495,P0269,3.5,0,2024-08-19
U0304,P0106,4.5,0,2024-05-17
U0403,P0164,3.0,0,2024-10-10
U0480,P0216,4.0,0,2024-10-31
U0091,P0150,5.0,1,2024-07-02
U0157,P0029,4.0,0,2024-08-31
U0269,P0061,4.0,0,2024-07-01
U0323,P0223,5.0,0,2024-08-18
U0247,P0030,4.0,0,2024-09-02
U0487,P0209,4.5,0,2024-06-06
U0094,P0271,3.5,1,2024-02-11
U0050,P0236,4.0,0,2024-01-30
U0461,P0096,5.0,1,2024-10-30
U0398,P0183,5.0,0,2024-11-28
U0393,P0072,3.0,0,2024-03-24
U0493,P0104,3.0,0,2024-12-19
U0374,P0067,1.0,0,2024-06-08
U0184,P0076,3.0,0,2024-07-04
U0374,P0122,5.0,1,2024-02-11
U0004,P0193,2.5,0,2024-04-13
U0247,P0013,3.5,0,2024-09-28
U0375,P0117,3.0,0,2024-09-22
U0378,P0237,3.0,0,2024-11-02
U0308,P0268,4.0,0,2024-01-12
U0050,P0152,5.0,0,2024-04-15
U0191,P0120,3.5,0,2024-03-12
U0365,P0255,1.5,0,2024-06-21
U0309,P0237,4.0,1,2024-02-15
U0094,P0057,4.0,1,2024-01-23
U0062,P0118,3.5,0,2024-09-21
U0268,P0261,3.5,0,2024-07-20
U0217,P0050,2.5,0,2024-04-19
U0483,P0114,3.0,0,2024-03-03
U0399,P0285,4.0,1,2024-10-18
U0389,P0050,5.0,0,2024-07-20
U0046,P0130,5.0,1,2024-09-21
U0265,P0191,4.0,1,2024-08-19
U0186,P0047,5.0,0,2024-01-17
U0324,P0044,2.5,0,2024-07-06
U0390,P0012,3.5,1,2024-09-16
U0195,P0272,3.0,0,2024-03-01
U0166,P0111,2.5,0,2024-01-13
U0162,P0264,3.5,0,2024-11-29
U0380,P0298,4.0,0,2024-11-28
U0310,P0097,3.5,1,2024-11-07
U0100,P0245,3.5,1,2024-06-17
U0130,P0292,4.0,1,2024-01-01
U0130,P0002,4.0,1,2024-05-20
U0432,P0165,4.0,0,2024-04-04
U0173,P0127,5.0,0,2024-12-03
U0049,P0008,5.0,0,2024-07-20
U0179,P0139,4.5,0,2024-04-21
U0148,P0056,3.0,0,2024-10-27
U0316,P0054,2.5,0,2024-08-15
U0428,P0213,4.0,1,2024-10-10
U0496,P0190,3.0,0,2024-02-16
U0115,P0210,2.0,0,2024-09-18
U0211,P0142,3.5,0,2024-09-03
U0004,P0173,3.5,1,2024-10-04
U0456,P0176,3.0,0,2024-03-20
U0066,P0072,5.0,1,2024-11-02
U0244,P0294,4.5,1,2024-10-21
U0203,P0279,5.0,0,2024-05-31
U0496,P0187,4.5,0,2024-09-04
U0041,P0229,4.5,1,2024-10-16
U0076,P0255,4.0,0,2024-01-27
U0054,P0254,2.5,0,2024-10-03
U0443,P0240,4.0,0,2024-05-31
U0385,P0171,3.5,0,2024-07-15
U0436,P0085,3.0,0,2024-08-03
U0136,P0030,5.0,0,2024-07-26
U0458,P0010,2.0,0,2024-04-16
U0302,P0129,3.5,1,2024-07-03
U0114,P0275,3.0,0,2024-10-27
U0050,P0258,1.0,0,2024-11-25
U0222,P0104,2.5,0,2024-01-15
U0270,P0146,3.5,1,2024-08-03
U0433,P0206,4.0,0,2024-03-07
U0275,P0188,2.5,0,2024-03-20
U0183,P0189,3.5,0,2024-10-30
U0340,P0028,5.0,0,2024-05-07
U0148,P0189,3.5,1,2024-04-06
U0249,P0024,2.0,0,2024-12-21
U0432,P0028,3.5,0,2024-02-19
U0464,P0050,3.5,0,2024-05-16
U0327,P0154,5.0,1,2024-03-27
U0264,P0238,4.5,0,2024-10-31
U0357,P0049,3.0,0,2024-11-25
U0361,P0183,3.5,0,2024-09-30
U0301,P0195,3.0,0,2024-05-19
U0433,P0018,3.5,1,2024-08-27
U0334,P0259,4.0,0,2024-02-23
U0087,P0100,4.5,1,2024-12-30
U0228,P0168,1.0,0,2024-02-06
U0067,P0190,4.0,0,2024-06-27
U0404,P0057,2.0,0,2024-10-26
U0408,P0244,5.0,0,2024-02-18
U0380,P0213,4.5,0,2024-07-12
U0103,P0237,3.5,0,2024-01-24
U0461,P0138,3.0,0,2024-10-23
U0458,P0242,2.5,0,2024-12-05
U0004,P0161,4.5,0,2024-09-17
U0106,P0049,4.0,1,2024-02-23
U0346,P0061,5.0,1,2024-10-08
U0136,P0267,4.0,1,2024-05-02
U0116,P0017,3.0,0,2024-09-25
U0349,P0205,4.5,1,2024-10-06
U0142,P0012,4.0,1,2024-03-28
U0282,P0054,4.5,1,2024-11-09
U0253,P0262,3.0,0,2024-10-15
U0050,P0164,3.5,1,2024-12-23
U0156,P0287,3.0,0,2024-12-21
U0321,P0111,4.0,0,2024-12-21
U0472,P0136,3.5,1,2024-04-05
U0123,P0278,5.0,1,2024-03-05
U0082,P0232,5.0,0,2024-01-16
U0277,P0276,4.5,1,2024-04-23
U0038,P0229,4.0,0,2024-12-24
U0333,P0289,5.0,1,2024-04-30
U0259,P0296,5.0,1,2024-08-05
U0237,P0298,1.5,0,2024-04-03
U0253,P0188,3.5,1,2024-08-27
U0315,P0037,5.0,1,2024-01-16
U0198,P0072,4.0,1,2024-05-29
U0006,P0051,4.5,0,2024-10-19
U0407,P0177,3.0,0,2024-03-26
U0191,P0122,5.0,0,2024-09-15
U0393,P0280,4.0,0,2024-09-05
U0229,P0228,3.5,1,2024-11-06
U0388,P0249,2.5,0,2024-07-09
U0066,P0278,4.0,0,2024-12-15
U0225,P0130,4.0,0,2024-12-02
U0014,P0230,1.5,0,2024-06-15
U0066,P0270,5.0,0,2024-09-03
U0294,P0012,4.0,1,2024-10-16
U0239,P0236,4.5,0,2024-12-21
U0307,P0255,3.0,0,2024-12-24
U0136,P0225,3.5,1,2024-05-27
U0439,P0038,3.5,1,2024-01-01
U0243,P0120,3.5,0,2024-02-19
U0396,P0032,2.5,0,2024-05-09
U0355,P0287,2.5,0,2024-05-30
U0204,P0172,5.0,1,2024-11-10
U0376,P0236,4.5,0,2024-01-10
U0187,P0193,4.0,0,2024-06-08
U0380,P0068,3.0,0,2024-07-02
U0246,P0151,3.5,1,2024-03-02
U0148,P0155,5.0,0,2024-10-12
U0424,P0009,3.5,0,2024-10-14
U0055,P0256,4.0,1,2024-08-27
U0320,P0113,3.5,1,2024-08-14
U0256,P0020,5.0,0,2024-03-30
U0226,P0086,5.0,0,2024-09-25
U0157,P0173,1.5,0,2024-11-25
U0472,P0167,3.0,0,2024-04-18
U0418,P0191,4.0,1,2024-06-02
U0064,P0121,3.0,0,2024-10-14
U0011,P0105,3.5,0,2024-01-12
U0004,P0062,3.5,1,2024-05-13
U0461,P0175,5.0,0,2024-05-22
U0346,P0056,5.0,0,2024-06-03
U0246,P0054,2.5,0,2024-03-12
U0129,P0047,4.5,0,2024-01-06
U0239,P0281,4.0,1,2024-03-10
U0108,P0094,3.0,0,2024-04-26
U0259,P0018,5.0,0,2024-09-26
U0485,P0132,4.0,0,2024-01-01
U0492,P0122,4.5,0,2024-05-22
U0328,P0090,4.5,0,2024-02-11
U0435,P0279,4.0,1,2024-08-22
U0096,P0044,4.0,0,2024-05-11
U0176,P0005,2.5,0,2024-07-27
U0217,P0123,5.0,1,2024-08-13
U0218,P0252,3.0,0,2024-02-07
U0359,P0201,3.0,0,2024-11-03
U0252,P0055,5.0,0,2024-09-30
U0271,P0282,4.5,1,2024-12-25
U0086,P0131,4.0,1,2024-05-01
U0412,P0080,4.0,1,2024-03-22
U0401,P0023,3.5,1,2024-07-29
U0179,P0169,4.0,0,2024-01-17
U0474,P0290,1.0,0,2024-11-07
U0224,P0013,3.5,1,2024-07-21
U0267,P0232,3.0,0,2024-08-09
U0104,P0069,5.0,0,2024-09-06
U0482,P0075,4.0,1,2024-02-03
U0314,P0237,4.5,0,2024-06-27
U0222,P0042,3.0,0,2024-06-15
U0151,P0109,3.5,0,2024-11-09
U0101,P0156,2.5,0,2024-03-04
U0062,P0273,4.0,1,2024-04-30
U0050,P0117,2.5,0,2024-10-15
U0379,P0136,2.5,0,2024-02-24
U0427,P0116,4.5,0,2024-06-10
U0187,P0001,2.5,0,2024-03-06
U0144,P0128,4.5,1,2024-11-16
U0207,P0068,4.5,1,2024-03-05
U0130,P0267,4.0,1,2024-11-27
U0152,P0089,4.0,1,2024-12-23
U0455,P0030,3.5,0,2024-12-03
U0046,P0245,1.5,0,2024-11-05
U0035,P0155,4.5,1,2024-01-26
U0225,P0131,3.5,0,2024-02-10
U0133,P0137,4.0,1,2024-06-20
U0398,P0143,3.5,1,2024-03-08
U0427,P0173,4.5,0,2024-02-11
U0031,P0262,2.5,0,2024-06-30
U0184,P0081,3.0,0,2024-09-12
U0100,P0196,5.0,1,2024-02-29
U0104,P0159,3.0,0,2024-08-19
U0013,P0163,4.5,0,2024-04-06
U0434,P0005,5.0,0,2024-12-10
U0497,P0069,3.5,0,2024-11-24
U0302,P0132,5.0,1,2024-01-05
U0335,P0173,4.0,1,2024-01-24
U0493,P0107,4.5,1,2024-06-13
U0372,P0226,4.0,1,2024-03-29
U0437,P0088,4.0,1,2024-01-19
U0480,P0130,3.5,0,2024-04-09
U0069,P0044,4.0,1,2024-01-30
U0323,P0014,4.5,0,2024-01-28
U0254,P0297,4.0,1,2024-12-04
U0094,P0186,3.5,0,2024-08-05
U0108,P0276,3.0,0,2024-01-10
U0026,P0039,4.5,1,2024-12-06
U0328,P0023,4.0,1,2024-01-25
U0017,P0072,3.5,1,2024-03-15
U0102,P0120,3.5,1,2024-01-04
U0340,P0042,3.0,0,2024-06-15
U0300,P0100,2.0,0,2024-09-30
U0175,P0249,2.5,0,2024-07-16
U0136,P0179,4.5,1,2024-02-24
U0344,P0043,3.5,0,2024-02-13
U0272,P0178,2.5,0,2024-08-15
U0485,P0114,3.5,0,2024-10-26
U0439,P0251,3.0,0,2024-11-30
U0231,P0107,3.5,0,2024-01-20
U0087,P0120,3.0,0,2024-08-06
U0441,P0071,4.0,0,2024-02-20
U0106,P0034,4.0,1,2024-04-05
U0106,P0195,4.0,1,2024-08-29
U0344,P0278,2.0,0,2024-10-28
U0170,P0231,2.5,0,2024-08-13
U0139,P0297,3.0,0,2024-08-27
U0086,P0039,3.0,0,2024-05-17
U0469,P0226,4.0,1,2024-07-16
U0479,P0182,4.0,0,2024-03-25
U0155,P0112,2.5,0,2024-08-24
U0403,P0122,4.0,1,2024-03-03
U0326,P0219,3.0,0,2024-06-01
U0017,P0291,3.5,1,2024-10-06
U0422,P0094,2.5,0,2024-02-14
U0476,P0049,4.5,0,2024-01-31
U0085,P0243,5.0,0,2024-03-21
U0038,P0104,3.5,0,2024-11-17
U0465,P0032,4.0,0,2024-04-06
U0449,P0142,3.5,0,2024-03-31
U0089,P0092,3.0,0,2024-12-02
U0059,P0044,4.0,1,2024-05-23
U0101,P0222,4.5,0,2024-08-21
U0199,P0008,4.0,0,2024-08-15
U0227,P0017,3.0,0,2024-02-03
U0315,P0026,4.5,0,2024-04-27
U0204,P0113,5.0,0,2024-09-28
U0032,P0117,4.5,1,2024-04-13
U0382,P0171,4.0,0,2024-04-16
U0148,P0192,2.0,0,2024-12-02
U0226,P0240,3.5,0,2024-05-31
U0322,P0064,4.5,1,2024-09-26
U0025,P0253,2.5,0,2024-01-19
U0225,P0226,3.0,0,2024-12-25
U0430,P0048,4.5,1,2024-07-28
U0019,P0200,5.0,1,2024-12-17
U0464,P0036,4.0,0,2024-08-10
U0093,P0166,1.5,0,2024-01-25
U0098,P0075,3.5,1,2024-01-27
U0246,P0133,3.0,0,2024-02-21
U0493,P0298,4.0,0,2024-04-16
U0397,P0047,4.0,1,2024-03-29
U0203,P0245,4.0,1,2024-08-17
U0198,P0154,4.0,0,2024-03-19
U0429,P0214,4.0,0,2024-08-25
U0197,P0117,5.0,0,2024-03-17
U0178,P0128,5.0,0,2024-09-07
U0126,P0259,5.0,1,2024-04-16
U0131,P0239,3.5,1,2024-03-10
U0031,P0105,3.0,0,2024-03-21
U0316,P0289,3.0,0,2024-06-05
U0487,P0108,5.0,1,2024-04-27
U0370,P0179,4.5,0,2024-06-04
U0116,P0050,4.0,0,2024-12-04
U0017,P0134,5.0,0,2024-10-31
U0438,P0080,3.5,0,2024-10-30
U0392,P0076,4.0,1,2024-05-11
U0346,P0206,4.0,0,2024-02-10
U0201,P0079,4.5,0,2024-05-16
U0130,P0117,3.0,0,2024-01-28
U0335,P0275,4.5,0,2024-07-27
U0158,P0241,5.0,0,2024-08-04
U0014,P0243,2.5,0,2024-05-24
U0379,P0209,2.5,0,2024-03-04
U0158,P0264,3.5,0,2024-02-25
U0347,P0055,3.5,0,2024-04-17
U0047,P0128,2.0,0,2024-07-03
U0058,P0209,4.0,0,2024-12-05
U0413,P0019,2.5,0,2024-04-21
U0453,P0250,2.5,0,2024-09-08
U0074,P0219,4.5,0,2024-01-31
U0022,P0109,3.5,1,2024-02-07
U0053,P0200,3.0,0,2024-06-21
U0274,P0177,2.5,0,2024-05-06
U0349,P0199,4.5,0,2024-05-31
U0160,P0096,3.0,0,2024-03-22
U0112,P0087,5.0,1,2024-08-23
U0136,P0008,5.0,1,2024-05-10
U0124,P0236,3.0,0,2024-05-09
U0469,P0113,3.5,1,2024-09-03
U0112,P0233,2.0,0,2024-03-01
U0085,P0071,4.5,0,2024-09-27
U0401,P0291,3.5,1,2024-07-24
U0183,P0030,3.5,1,2024-03-14
U0055,P0174,5.0,1,2024-02-01
U0351,P0150,5.0,1,2024-07-19
U0080,P0124,2.0,0,2024-04-07
U0495,P0199,2.0,0,2024-10-17
U0436,P0155,4.5,1,2024-08-29
U0143,P0123,4.0,0,2024-06-09
U0062,P0055,4.0,1,2024-06-17
U0266,P0185,4.0,1,2024-06-09
U0391,P0281,5.0,1,2024-01-04
U0376,P0273,4.0,0,2024-12-17
U0500,P0269,5.0,0,2024-07-15
U0047,P0053,3.5,1,2024-06-01
U0028,P0175,5.0,0,2024-12-26
U0069,P0272,4.5,0,2024-07-14
U0032,P0005,4.0,1,2024-10-23
U0264,P0290,5.0,0,2024-12-17
U0473,P0296,3.5,0,2024-07-08
U0121,P0209,4.0,0,2024-08-10
U0492,P0162,3.5,1,2024-12-05
U0135,P0187,3.0,0,2024-08-14
U0400,P0122,5.0,1,2024-10-30
U0446,P0016,4.0,0,2024-01-03
U0037,P0271,2.5,0,2024-12-04
U0273,P0154,5.0,0,2024-10-11
U0066,P0287,3.5,0,2024-11-03
U0423,P0227,2.5,0,2024-06-18
U0307,P0114,3.5,0,2024-03-13
U0147,P0231,3.5,1,2024-11-18
U0312,P0157,2.0,0,2024-05-13
U0436,P0280,3.5,1,2024-01-11
U0292,P0216,5.0,0,2024-12-09
U0030,P0273,5.0,0,2024-02-06
U0246,P0199,4.5,1,2024-11-11
U0326,P0245,1.0,0,2024-05-26
U0386,P0091,4.5,1,2024-10-09
U0335,P0078,3.0,0,2024-12-05
U0138,P0094,2.5,0,2024-06-01
U0344,P0163,3.5,1,2024-12-18
U0258,P0209,3.0,0,2024-09-14
U0051,P0052,5.0,1,2024-05-13
U0220,P0040,3.5,1,2024-05-28
U0241,P0195,3.5,1,2024-03-03
U0221,P0097,3.0,0,2024-04-23
U0370,P0031,4.0,1,2024-03-26
U0167,P0115,5.0,0,2024-05-20
U0174,P0246,4.0,1,2024-02-20
U0259,P0082,4.5,1,2024-06-04
U0044,P0106,5.0,0,2024-01-14
U0357,P0297,4.0,0,2024-12-28
U0096,P0107,3.5,0,2024-09-28
U0499,P0254,5.0,0,2024-03-21
U0350,P0181,3.5,1,2024-04-08
U0450,P0122,4.5,0,2024-09-11
U0214,P0220,4.5,0,2024-08-11
U0043,P0253,4.5,1,2024-04-01
U0266,P0134,4.5,0,2024-01-03
U0487,P0066,3.5,0,2024-09-15
U0308,P0122,2.5,0,2024-05-09
U0295,P0299,5.0,1,2024-10-24
U0265,P0080,4.0,1,2024-12-05
U0222,P0028,4.5,0,2024-05-25
U0018,P0159,2.5,0,2024-04-22
U0178,P0106,4.0,0,2024-10-24
U0045,P0167,3.5,0,2024-07-16
U0192,P0044,4.0,0,2024-07-12
U0316,P0244,5.0,0,2024-03-07
U0093,P0236,4.0,1,2024-04-07
U0008,P0134,4.0,1,2024-03-28
U0138,P0076,5.0,1,2024-05-23
U0056,P0011,3.5,1,2024-12-10
U0127,P0099,3.5,0,2024-11-14
U0241,P0189,3.5,0,2024-07-11
U0374,P0146,5.0,1,2024-10-19
U0052,P0244,5.0,0,2024-10-30
U0416,P0261,2.5,0,2024-01-06
U0458,P0178,3.5,1,2024-08-08
U0450,P0113,3.5,0,2024-07-11
U0444,P0191,4.5,1,2024-07-07
U0406,P0177,3.5,0,2024-03-26
U0248,P0257,4.5,1,2024-12-29
U0130,P0125,3.5,1,2024-09-21
U0027,P0085,1.5,0,2024-12-07
U0177,P0091,4.0,1,2024-01-20
U0230,P0124,5.0,0,2024-06-18
U0063,P0019,3.5,0,2024-11-27
U0026,P0026,3.0,0,2024-04-28
U0169,P0128,3.5,0,2024-07-07
U0160,P0117,4.5,1,2024-02-07
U0206,P0222,4.5,1,2024-10-01
U0071,P0070,3.5,1,2024-04-05
U0403,P0147,3.0,0,2024-10-06
U0024,P0057,2.0,0,2024-03-22
U0024,P0189,2.0,0,2024-07-04
U0375,P0001,5.0,0,2024-04-05
U0053,P0279,4.0,1,2024-03-13
U0212,P0119,5.0,1,2024-08-17
U0239,P0143,4.0,1,2024-12-01
U0109,P0199,4.0,1,2024-09-15
U0322,P0052,5.0,0,2024-03-24
U0214,P0194,3.5,0,2024-09-14
U0388,P0113,4.0,0,2024-07-28
U0023,P0140,2.5,0,2024-06-21
U0017,P0178,3.5,0,2024-07-02
U0143,P0013,4.5,1,2024-06-10
U0302,P0029,3.0,0,2024-01-30
U0117,P0261,2.0,0,2024-08-22
U0141,P0130,5.0,0,2024-05-05
U0084,P0175,2.0,0,2024-11-11
U0330,P0033,5.0,1,2024-12-02
U0241,P0232,4.0,0,2024-10-15
U0275,P0041,4.5,1,2024-10-04
U0427,P0219,2.5,0,2024-10-08
U0500,P0097,2.0,0,2024-09-30
U0351,P0088,2.5,0,2024-10-24
U0117,P0075,5.0,0,2024-01-05
U0014,P0011,5.0,1,2024-08-03
U0175,P0046,4.5,0,2024-05-11
U0393,P0283,4.5,1,2024-07-20
U0140,P0036,4.0,1,2024-07-31
U0143,P0125,5.0,0,2024-04-21
U0135,P0268,3.5,0,2024-03-13
U0261,P0068,4.5,1,2024-05-29
U0292,P0025,3.5,0,2024-11-27
U0377,P0265,4.5,0,2024-01-11
U0397,P0130,5.0,1,2024-03-21
U0255,P0144,3.5,1,2024-03-31
U0262,P0096,3.5,0,2024-04-03
U0311,P0113,4.0,0,2024-06-13
U0437,P0117,3.0,0,2024-05-17
U0204,P0019,3.0,0,2024-10-27
U0373,P0044,1.0,0,2024-12-18
U0083,P0027,2.0,0,2024-05-07
U0230,P0161,2.0,0,2024-12-17
U0378,P0166,3.5,1,2024-12-20
U0360,P0246,4.0,0,2024-07-25
U0153,P0232,4.5,0,2024-08-28
U0287,P0105,5.0,1,2024-05-28
U0030,P0029,3.0,0,2024-02-14
U0308,P0293,3.0,0,2024-12-01
U0154,P0102,3.5,0,2024-01-12
U0186,P0036,5.0,1,2024-09-01
U0031,P0004,4.5,0,2024-05-01
U0462,P0176,3.5,1,2024-10-07
U0479,P0288,3.5,1,2024-07-07
U0487,P0107,5.0,1,2024-03-15
U0045,P0289,3.0,0,2024-12-26
U0270,P0054,4.5,0,2024-07-30
U0384,P0240,3.5,1,2024-11-22
U0046,P0135,5.0,0,2024-11-11
U0060,P0181,4.0,0,2024-12-01
U0268,P0016,2.5,0,2024-04-12
U0095,P0213,2.0,0,2024-02-06
U0393,P0257,4.5,1,2024-11-01
U0165,P0224,4.5,0,2024-10-31
U0122,P0083,2.0,0,2024-04-13
U0232,P0075,3.0,0,2024-04-02
U0144,P0263,2.5,0,2024-11-18
U0484,P0197,4.0,1,2024-06-18
U0209,P0222,3.5,0,2024-10-15
U0490,P0039,4.0,1,2024-02-29
U0302,P0169,3.0,0,2024-09-25
U0337,P0124,2.0,0,2024-02-09
U0141,P0185,3.0,0,2024-02-26
U0150,P0048,3.5,0,2024-10-11
U0210,P0165,4.0,1,2024-03-28
U0369,P0244,1.5,0,2024-03-26
U0199,P0094,4.0,1,2024-12-10
U0238,P0147,2.5,0,2024-02-16
U0279,P0282,4.5,0,2024-03-25
U0130,P0300,3.5,1,2024-07-19
U0020,P0207,5.0,0,2024-08-25
U0120,P0107,2.5,0,2024-08-07
U0395,P0286,2.0,0,2024-09-21
U0220,P0139,4.0,1,2024-04-07
U0406,P0255,4.5,0,2024-11-25
U0051,P0141,4.5,1,2024-10-03
U0257,P0286,4.0,0,2024-09-25
U0493,P0042,4.0,1,2024-10-10
U0395,P0079,4.0,1,2024-07-25
U0105,P0281,3.0,0,2024-10-13
U0081,P0124,5.0,1,2024-01-01
U0243,P0280,3.5,0,2024-08-09
U0325,P0074,5.0,0,2024-08-18
U0147,P0291,2.5,0,2024-01-13
U0219,P0067,4.0,1,2024-09-16
U0057,P0213,5.0,1,2024-04-26
U0386,P0129,2.0,0,2024-06-12
U0004,P0233,2.0,0,2024-03-30
U0476,P0233,4.5,1,2024-03-20
U0407,P0027,3.5,1,2024-09-05
U0488,P0242,3.0,0,2024-01-25
U0244,P0230,2.0,0,2024-06-01
U0411,P0209,4.5,1,2024-07-20
U0098,P0281,2.5,0,2024-12-14
U0232,P0291,4.5,1,2024-10-11
U0435,P0033,4.0,1,2024-03-17
U0453,P0063,3.5,0,2024-03-07
U0093,P0094,2.0,0,2024-04-22
U0229,P0231,4.5,1,2024-06-03
U0083,P0292,3.5,0,2024-01-19
U0348,P0273,5.0,0,2024-06-12
U0252,P0003,4.5,1,2024-02-29
U0404,P0126,4.0,0,2024-03-05
U0472,P0076,4.0,0,2024-07-08
U0250,P0016,4.5,0,2024-05-06
U0180,P0121,4.5,1,2024-01-08
U0413,P0023,5.0,1,2024-10-30
U0255,P0001,4.5,0,2024-10-04
U0143,P0193,4.5,1,2024-01-27
U0173,P0156,5.0,1,2024-04-04
U0319,P0124,4.0,1,2024-04-25
U0443,P0260,5.0,0,2024-09-04
U0432,P0025,3.5,1,2024-06-27
U0425,P0221,1.5,0,2024-11-02
U0154,P0172,2.0,0,2024-11-14
U0098,P0299,4.0,0,2024-09-18
U0031,P0169,5.0,1,2024-12-08
U0230,P0212,5.0,0,2024-03-19
U0035,P0005,4.0,1,2024-11-23
U0455,P0222,4.0,1,2024-10-19
U0085,P0275,3.5,1,2024-02-25
U0472,P0015,5.0,1,2024-11-04
U0376,P0291,4.0,1,2024-01-13
U0364,P0271,4.5,0,2024-03-22
U0196,P0174,4.5,1,2024-09-04
U0254,P0070,3.0,0,2024-08-21
U0484,P0174,3.0,0,2024-10-03
U0129,P0039,4.0,1,2024-02-08
U0421,P0148,4.5,0,2024-01-29
U0089,P0140,3.5,0,2024-05-26
U0314,P0101,2.0,0,2024-12-14
U0105,P0199,3.5,0,2024-03-16
U0249,P0206,4.0,0,2024-03-17
U0223,P0172,3.5,1,2024-12-06
U0027,P0218,4.5,0,2024-04-28
U0476,P0177,4.0,1,2024-06-10
U0380,P0031,2.5,0,2024-03-11
U0397,P0186,4.5,1,2024-07-22
U0299,P0205,4.5,1,2024-11-19
U0167,P0005,3.5,0,2024-12-11
U0199,P0089,2.0,0,2024-04-04
U0221,P0275,4.5,0,2024-02-11
U0392,P0106,5.0,1,2024-09-17
U0246,P0236,3.0,0,2024-12-04
U0171,P0107,4.5,0,2024-09-13
U0262,P0226,4.0,1,2024-02-14
U0150,P0050,5.0,0,2024-11-08
U0256,P0200,4.5,1,2024-07-17
U0091,P0244,5.0,0,2024-05-29
U0052,P0013,4.0,0,2024-07-20
U0282,P0016,4.0,1,2024-11-22
U0050,P0124,2.5,0,2024-11-13
U0473,P0029,4.0,1,2024-12-22
U0366,P0285,3.0,0,2024-11-21
U0352,P0206,3.0,0,2024-03-24
U0377,P0186,2.0,0,2024-05-24
U0027,P0267,3.0,0,2024-03-04
U0039,P0007,5.0,0,2024-06-25
U0491,P0105,3.5,1,2024-10-27
U0473,P0161,3.5,0,2024-06-21
U0282,P0050,3.5,0,2024-01-13
U0063,P0047,5.0,0,2024-01-17
U0137,P0098,4.0,1,2024-10-07
U0223,P0179,4.0,0,2024-10-29
U0372,P0017,3.5,0,2024-12-11
U0111,P0258,3.5,0,2024-06-30
U0195,P0159,4.0,1,2024-12-21
U0173,P0191,4.5,0,2024-01-16
U0372,P0283,4.0,0,2024-01-24
U0123,P0004,4.0,0,2024-08-17
U0160,P0273,3.0,0,2024-07-04
U0365,P0085,4.5,0,2024-08-05
U0436,P0078,4.0,1,2024-02-29
U0098,P0149,4.5,1,2024-11-14
U0057,P0067,5.0,0,2024-03-26
U0200,P0272,4.5,1,2024-05-22
U0419,P0129,4.0,1,2024-09-25
U0034,P0242,5.0,0,2024-10-03
U0156,P0200,3.0,0,2024-10-01
U0459,P0148,4.0,0,2024-12-04
U0053,P0150,3.5,0,2024-01-04
U0169,P0075,5.0,0,2024-09-19
U0271,P0203,4.0,1,2024-02-21
U0081,P0038,4.0,0,2024-02-06
U0429,P0269,5.0,0,2024-10-27
U0288,P0057,4.0,0,2024-08-29
U0424,P0164,5.0,0,2024-12-16
U0071,P0184,5.0,0,2024-07-09
U0212,P0293,3.0,0,2024-01-13
U0228,P0030,4.0,0,2024-07-30
U0203,P0109,4.0,1,2024-10-10
U0429,P0186,4.0,0,2024-10-15
U0281,P0019,4.0,1,2024-04-15
U0289,P0042,3.5,0,2024-11-27
U0435,P0248,2.0,0,2024-05-21
U0402,P0222,3.0,0,2024-10-31
U0482,P0140,2.5,0,2024-07-17
U0390,P0013,4.0,1,2024-01-10
U0003,P0044,3.5,1,2024-04-06
U0019,P0279,4.0,0,2024-02-21
U0212,P0288,4.5,0,2024-04-05
U0109,P0220,5.0,0,2024-05-05
U0109,P0151,4.0,0,2024-02-10
U0259,P0286,5.0,0,2024-11-06
U0052,P0187,4.0,1,2024-02-21
U0488,P0273,4.0,0,2024-07-25
U0144,P0287,2.0,0,2024-11-27
U0264,P0285,3.5,1,2024-07-12
U0270,P0239,3.5,0,2024-02-18
U0311,P0245,4.5,1,2024-04-20
U0357,P0187,4.0,0,2024-06-24
U0228,P0106,1.0,0,2024-04-09
U0176,P0192,4.5,0,2024-03-16
U0003,P0288,4.5,1,2024-05-22
U0158,P0109,3.0,0,2024-11-29
U0195,P0296,4.0,0,2024-06-26
U0061,P0233,3.5,1,2024-11-16
U0095,P0248,4.5,0,2024-08-24
U0141,P0273,5.0,0,2024-03-07
U0350,P0006,3.0,0,2024-10-30
U0369,P0066,4.0,1,2024-01-19
U0110,P0117,5.0,1,2024-05-13
U0499,P0086,3.0,0,2024-03-15
U0448,P0173,3.5,0,2024-10-29
U0302,P0289,3.5,0,2024-07-07
U0487,P0267,4.5,1,2024-12-21
U0044,P0285,4.5,0,2024-11-16
U0186,P0163,1.5,0,2024-12-26
U0287,P0194,3.0,0,2024-02-20
U0314,P0065,4.5,1,2024-06-29
U0199,P0190,4.5,0,2024-11-28
U0366,P0007,4.0,0,2024-12-24
U0190,P0052,2.5,0,2024-02-18
U0446,P0105,5.0,0,2024-10-18
U0479,P0081,3.5,0,2024-03-25
U0083,P0234,3.5,1,2024-05-08
U0498,P0144,3.5,1,2024-10-20
U0428,P0247,5.0,1,2024-04-23
U0278,P0156,4.5,0,2024-12-10
U0390,P0043,4.5,0,2024-10-30
U0068,P0077,4.0,0,2024-06-03
U0072,P0180,2.5,0,2024-11-08
U0105,P0146,5.0,0,2024-10-09
U0128,P0035,2.5,0,2024-08-06
U0056,P0213,2.0,0,2024-04-03
U0106,P0067,4.5,0,2024-07-18
U0435,P0282,3.0,0,2024-10-29
U0030,P0257,5.0,1,2024-01-21
U0453,P0185,4.5,0,2024-06-30
U0489,P0173,3.5,1,2024-08-27
U0385,P0197,3.5,0,2024-05-21
U0119,P0032,3.0,0,2024-12-27
U0145,P0181,3.5,0,2024-05-10
U0221,P0140,1.5,0,2024-06-21
U0430,P0026,5.0,1,2024-09-12
U0395,P0045,3.5,1,2024-03-01
U0243,P0136,3.0,0,2024-03-25
U0084,P0013,5.0,1,2024-12-15
U0037,P0228,4.0,1,2024-08-24
U0212,P0183,3.5,1,2024-03-28
U0299,P0264,4.5,0,2024-07-01
U0162,P0013,5.0,1,2024-10-22
U0088,P0063,3.0,0,2024-06-30
U0342,P0061,5.0,1,2024-04-04
U0430,P0229,4.0,1,2024-06-11
U0057,P0132,4.5,0,2024-06-21
U0167,P0214,4.0,1,2024-09-19
U0136,P0039,5.0,0,2024-09-03
U0219,P0294,2.0,0,2024-08-12
U0231,P0183,3.0,0,2024-10-23
U0157,P0065,2.5,0,2024-08-28
U0455,P0018,2.0,0,2024-05-26
U0244,P0259,2.0,0,2024-11-05
U0049,P0284,3.0,0,2024-02-01
U0243,P0198,4.5,0,2024-05-17
U0326,P0202,5.0,0,2024-01-20
U0289,P0258,5.0,0,2024-10-03
U0104,P0241,3.5,1,2024-10-27
U0142,P0116,4.0,0,2024-10-17
U0409,P0275,4.0,0,2024-04-01
U0412,P0206,3.5,0,2024-06-17
U0429,P0290,2.0,0,2024-03-27
U0013,P0071,4.0,0,2024-08-13
U0176,P0023,4.0,0,2024-02-13
U0049,P0106,1.0,0,2024-11-23
U0416,P0195,4.5,0,2024-09-17
U0194,P0038,3.0,0,2024-01-27
U0236,P0191,3.5,0,2024-05-04
U0443,P0095,1.5,0,2024-01-04
U0165,P0152,4.5,0,2024-06-21
U0277,P0156,3.5,1,2024-01-05
U0063,P0140,4.0,0,2024-02-08
U0465,P0216,4.5,0,2024-09-27
U0437,P0070,4.0,0,2024-10-18
U0355,P0105,4.0,1,2024-07-09
U0347,P0059,4.5,1,2024-08-24
U0268,P0243,3.0,0,2024-10-14
U0160,P0114,4.5,0,2024-04-11
U0114,P0092,2.5,0,2024-07-01
U0385,P0204,4.0,1,2024-05-20
U0436,P0077,4.0,0,2024-10-29
U0380,P0040,3.5,0,2024-03-15
U0214,P0196,5.0,1,2024-06-14
U0396,P0079,2.0,0,2024-12-25
U0091,P0035,4.0,1,2024-03-30
U0245,P0228,3.0,0,2024-03-08
U0327,P0128,5.0,0,2024-08-29
U0485,P0019,5.0,1,2024-02-14
U0102,P0219,4.5,0,2024-06-09
U0103,P0137,4.0,0,2024-09-23
U0164,P0094,4.5,0,2024-12-08
U0427,P0240,2.5,0,2024-08-24
U0466,P0248,4.0,0,2024-12-02
U0225,P0239,3.5,0,2024-10-06
U0297,P0225,3.5,0,2024-09-22
U0247,P0039,5.0,0,2024-02-29
U0461,P0008,3.5,0,2024-06-19
U0058,P0279,4.5,0,2024-04-11
U0145,P0008,4.5,0,2024-01-14
U0266,P0293,4.5,1,2024-04-20
U0068,P0022,2.0,0,2024-05-05
U0175,P0286,3.0,0,2024-02-04
U0359,P0119,3.5,1,2024-10-11
U0447,P0190,2.0,0,2024-02-25
U0368,P0105,4.5,1,2024-02-12
U0089,P0266,4.5,1,2024-02-03
U0083,P0128,4.5,1,2024-10-13
U0336,P0006,5.0,0,2024-10-26
U0403,P0157,3.5,0,2024-05-14
U0350,P0122,3.0,0,2024-11-04
U0477,P0042,5.0,0,2024-04-03
U0449,P0291,5.0,1,2024-05-10
U0222,P0052,4.0,0,2024-03-11
U0485,P0113,2.5,0,2024-01-06
U0283,P0238,2.5,0,2024-02-29
U0033,P0244,3.5,0,2024-06-06
U0258,P0098,4.5,0,2024-05-24
U0075,P0121,3.0,0,2024-09-20
U0161,P0297,3.5,1,2024-11-06
U0263,P0171,5.0,0,2024-10-28
U0410,P0010,3.5,1,2024-04-15
U0171,P0091,4.5,1,2024-10-11
U0290,P0206,4.0,1,2024-11-24
U0045,P0066,5.0,0,2024-12-24
U0486,P0221,4.0,1,2024-07-26
U0465,P0099,5.0,0,2024-03-25
U0015,P0146,4.5,0,2024-03-04
U0261,P0022,3.5,0,2024-07-19
U0492,P0221,4.5,1,2024-07-01
U0455,P0132,3.0,0,2024-06-08
U0300,P0293,2.5,0,2024-03-07
U0316,P0140,5.0,0,2024-08-29
U0041,P0274,5.0,1,2024-06-14
U0342,P0259,5.0,0,2024-02-11
U0373,P0126,4.0,1,2024-10-30
U0455,P0153,3.0,0,2024-07-27
U0204,P0085,4.5,0,2024-07-12
U0140,P0030,4.5,1,2024-02-18
U0291,P0094,3.0,0,2024-03-12
U0451,P0196,4.5,1,2024-07-21
U0430,P0160,2.5,0,2024-07-14
U0322,P0009,3.5,0,2024-03-22
U0067,P0053,2.0,0,2024-07-24
U0432,P0033,2.0,0,2024-10-17
U0344,P0161,2.0,0,2024-01-15
U0191,P0236,3.5,0,2024-09-09
U0470,P0088,3.5,0,2024-11-10
U0427,P0006,2.5,0,2024-09-21
U0134,P0179,4.0,0,2024-03-27
U0051,P0031,5.0,0,2024-08-11
U0164,P0193,2.0,0,2024-03-25
U0461,P0287,3.0,0,2024-07-12
U0319,P0283,4.0,1,2024-08-16
U0217,P0239,5.0,0,2024-08-11
U0500,P0090,3.0,0,2024-07-15
U0109,P0054,3.0,0,2024-08-03
U0101,P0259,1.5,0,2024-12-21
U0011,P0080,2.5,0,2024-03-05
U0146,P0191,1.5,0,2024-09-19
U0490,P0296,2.0,0,2024-10-13
U0162,P0065,2.5,0,2024-06-29
U0091,P0045,4.5,0,2024-06-28
U0419,P0168,4.5,1,2024-06-20
U0277,P0089,4.0,0,2024-02-01
U0500,P0162,4.5,1,2024-06-11
U0446,P0220,3.0,0,2024-06-28
U0396,P0008,3.5,1,2024-05-15
U0218,P0086,3.5,1,2024-01-11
U0138,P0214,3.5,0,2024-03-01
U0488,P0269,5.0,0,2024-08-15
U0111,P0147,3.5,1,2024-01-26
U0112,P0158,3.5,0,2024-06-18
U0056,P0146,2.5,0,2024-09-16
U0129,P0026,3.5,0,2024-01-10
U0082,P0023,4.5,0,2024-01-24
U0373,P0290,3.0,0,2024-06-07
U0344,P0038,3.0,0,2024-04-20
U0015,P0076,3.0,0,2024-07-15
U0376,P0227,4.0,0,2024-08-20
U0110,P0046,3.0,0,2024-10-13
U0428,P0297,4.5,0,2024-05-28
U0287,P0062,5.0,0,2024-07-02
U0307,P0004,3.0,0,2024-09-18
U0415,P0134,4.5,1,2024-12-27
U0444,P0200,2.0,0,2024-11-07
U0070,P0022,5.0,0,2024-05-12
U0380,P0287,3.0,0,2024-10-10
U0391,P0220,4.0,1,2024-04-16
U0221,P0210,5.0,1,2024-07-02
U0376,P0086,5.0,0,2024-06-28
U0370,P0226,1.0,0,2024-03-18
U0496,P0110,3.0,0,2024-08-14
U0243,P0048,2.0,0,2024-04-21
U0204,P0180,5.0,0,2024-03-16
U0446,P0092,5.0,1,2024-11-21
U0338,P0115,3.0,0,2024-05-16
U0414,P0001,3.5,1,2024-03-22
U0406,P0201,4.0,0,2024-06-03
U0036,P0008,4.0,0,2024-10-09
U0429,P0298,4.5,0,2024-01-14
U0056,P0055,4.5,1,2024-03-18
U0112,P0052,5.0,0,2024-10-04
U0028,P0057,4.0,0,2024-10-18
U0125,P0023,3.0,0,2024-06-10
U0084,P0203,1.0,0,2024-05-07
U0142,P0225,1.0,0,2024-03-04
U0457,P0201,4.0,1,2024-06-04
U0385,P0183,2.5,0,2024-06-08
U0284,P0073,3.0,0,2024-03-12
U0380,P0200,4.5,1,2024-04-05
U0261,P0273,4.0,1,2024-11-13
U0163,P0258,3.5,1,2024-06-07
U0310,P0096,4.5,0,2024-09-19
U0472,P0129,4.0,1,2024-06-23
U0075,P0255,5.0,0,2024-02-01
U0158,P0240,3.0,0,2024-03-21
U0144,P0230,4.5,0,2024-10-15
U0186,P0195,4.0,0,2024-11-20
U0419,P0106,3.5,1,2024-10-07
U0033,P0150,4.5,1,2024-10-13
U0345,P0209,2.5,0,2024-05-31
U0280,P0182,4.5,1,2024-03-03
U0229,P0194,5.0,0,2024-02-07
U0308,P0003,4.0,1,2024-04-03
U0452,P0261,4.5,0,2024-02-06
U0142,P0018,4.5,1,2024-09-19
U0120,P0018,4.0,1,2024-11-30
U0413,P0262,4.0,1,2024-03-23
U0169,P0035,4.0,0,2024-09-24
U0170,P0201,3.5,0,2024-04-16
U0048,P0292,5.0,1,2024-06-01
U0368,P0070,4.0,0,2024-09-12
U0489,P0295,5.0,0,2024-03-29
U0438,P0102,3.5,1,2024-07-28
U0099,P0039,5.0,1,2024-09-30
U0133,P0044,2.0,0,2024-03-02
U0053,P0223,5.0,1,2024-05-10
U0299,P0060,2.5,0,2024-01-12
U0083,P0241,3.0,0,2024-08-19
U0411,P0223,3.5,0,2024-07-14
U0452,P0005,4.0,1,2024-05-18
U0087,P0168,3.5,1,2024-06-13
U0382,P0005,4.0,0,2024-07-13
U0466,P0022,4.5,0,2024-10-28
U0102,P0051,3.0,0,2024-10-02
U0454,P0196,4.0,1,2024-03-06
U0400,P0280,3.0,0,2024-09-21
U0229,P0268,4.0,0,2024-07-23
U0230,P0169,5.0,1,2024-05-27
U0469,P0026,2.0,0,2024-05-05
U0117,P0243,2.5,0,2024-07-27
U0314,P0078,4.0,0,2024-05-07
U0413,P0036,4.0,1,2024-03-28
U0337,P0273,3.5,1,2024-02-24
U0417,P0150,2.0,0,2024-12-07
U0258,P0071,4.0,1,2024-10-04
U0345,P0145,4.0,0,2024-12-18
U0394,P0039,5.0,1,2024-03-01
U0440,P0215,1.5,0,2024-11-15
U0477,P0082,4.5,0,2024-12-04
U0386,P0203,3.0,0,2024-10-01
U0105,P0062,4.5,1,2024-11-07
U0065,P0194,4.0,1,2024-06-09
U0463,P0278,4.5,1,2024-01-07
U0085,P0076,3.5,0,2024-07-27
U0084,P0055,3.5,0,2024-03-12
U0021,P0016,2.5,0,2024-06-23
U0312,P0092,2.5,0,2024-07-31
U0193,P0062,3.5,1,2024-11-17
U0382,P0077,5.0,1,2024-04-03
U0328,P0212,3.0,0,2024-11-10
U0025,P0193,3.5,1,2024-01-29
U0144,P0076,2.0,0,2024-02-16
U0260,P0226,3.5,0,2024-09-03
U0013,P0108,4.0,0,2024-11-17
U0026,P0281,5.0,0,2024-10-09
U0139,P0011,4.0,1,2024-02-08
U0024,P0170,2.0,0,2024-12-05
U0169,P0180,5.0,0,2024-11-06
U0072,P0067,2.0,0,2024-01-19
U0479,P0025,5.0,0,2024-11-19
U0453,P0183,3.0,0,2024-07-15
U0244,P0118,3.5,1,2024-03-22
U0458,P0231,4.5,0,2024-12-30
U0153,P0097,4.5,1,2024-09-08
U0395,P0170,3.0,0,2024-03-22
U0190,P0200,3.5,0,2024-08-24
U0033,P0006,4.5,1,2024-02-26
U0130,P0068,3.5,0,2024-05-09
U0022,P0018,3.5,0,2024-09-15
U0254,P0042,2.5,0,2024-10-15
U0123,P0059,5.0,0,2024-07-17
U0128,P0158,5.0,0,2024-12-04
U0444,P0086,3.5,1,2024-08-30
U0007,P0285,4.0,0,2024-01-23
U0358,P0136,3.0,0,2024-03-10
U0359,P0242,5.0,0,2024-01-22
U0339,P0289,4.5,0,2024-10-12
U0147,P0062,3.5,0,2024-02-25
U0173,P0204,3.5,0,2024-01-24
U0194,P0160,3.5,1,2024-08-30
U0383,P0089,2.0,0,2024-08-15
U0473,P0137,3.5,1,2024-06-27
U0332,P0094,5.0,0,2024-05-18
U0095,P0007,4.5,0,2024-06-27
U0490,P0107,5.0,0,2024-08-21
U0318,P0271,2.5,0,2024-11-04
U0427,P0201,4.0,1,2024-05-04
U0027,P0219,3.5,1,2024-05-28
U0270,P0148,3.5,0,2024-12-05
U0024,P0116,4.5,0,2024-09-27
U0012,P0288,3.5,0,2024-11-23
U0300,P0053,4.5,0,2024-11-14
U0348,P0024,3.5,0,2024-04-01
U0316,P0041,5.0,1,2024-04-27
U0058,P0019,1.5,0,2024-12-30
U0141,P0212,4.5,0,2024-02-28
U0183,P0096,4.0,0,2024-09-13
U0213,P0300,4.5,0,2024-04-14
U0287,P0178,4.0,1,2024-01-01
U0110,P0234,2.5,0,2024-08-21
U0073,P0268,4.5,0,2024-07-16
U0365,P0127,3.0,0,2024-09-23
U0404,P0190,3.0,0,2024-07-24
U0410,P0094,3.5,0,2024-07-04
U0117,P0071,3.0,0,2024-12-17
U0413,P0176,4.0,1,2024-02-13
U0300,P0157,3.5,1,2024-03-14
U0295,P0140,2.5,0,2024-01-03
U0256,P0004,3.5,1,2024-07-30
U0216,P0105,4.5,0,2024-09-17
U0298,P0247,3.5,0,2024-04-03
U0010,P0059,5.0,1,2024-06-04
U0275,P0279,3.5,1,2024-01-18
U0140,P0067,2.0,0,2024-07-07
U0108,P0283,2.0,0,2024-02-02
U0237,P0178,4.0,1,2024-08-16
U0309,P0077,4.5,0,2024-02-27
U0004,P0036,5.0,0,2024-10-01
U0296,P0190,3.0,0,2024-05-08
U0001,P0100,4.5,0,2024-09-28
U0017,P0227,5.0,0,2024-06-27
U0453,P0280,5.0,0,2024-03-06
U0338,P0265,5.0,1,2024-12-11
U0190,P0020,5.0,1,2024-03-10
U0033,P0011,5.0,0,2024-02-04
U0423,P0029,4.0,1,2024-05-30
U0034,P0268,5.0,1,2024-11-11
U0078,P0085,4.0,0,2024-06-20
U0258,P0290,4.5,1,2024-12-02
U0009,P0084,3.5,1,2024-01-12
U0481,P0242,5.0,0,2024-06-20
U0233,P0042,3.0,0,2024-01-13
U0496,P0260,4.5,1,2024-09-12
U0441,P0124,3.0,0,2024-09-12
U0139,P0217,4.5,1,2024-02-24
U0153,P0099,4.5,0,2024-10-11
U0411,P0163,3.0,0,2024-01-21
U0294,P0233,4.5,1,2024-06-26
U0382,P0120,3.0,0,2024-06-02
U0250,P0107,2.5,0,2024-05-22
U0008,P0280,3.5,0,2024-12-14
U0405,P0012,3.0,0,2024-12-05
U0057,P0203,3.0,0,2024-04-04
U0308,P0054,5.0,0,2024-03-27
U0253,P0203,3.0,0,2024-01-04
U0353,P0068,4.0,1,2024-05-19
U0349,P0095,3.0,0,2024-05-29
U0041,P0265,3.5,1,2024-10-17
U0434,P0238,3.5,0,2024-06-21
U0225,P0042,4.5,0,2024-03-23
U0276,P0273,4.0,0,2024-01-04
U0334,P0021,1.0,0,2024-07-26
U0474,P0258,3.5,1,2024-09-02
U0128,P0215,3.5,1,2024-03-22
U0342,P0066,2.5,0,2024-01-09
U0397,P0160,4.5,0,2024-11-14
U0242,P0076,5.0,1,2024-11-28
U0017,P0023,3.5,0,2024-01-09
U0207,P0027,2.0,0,2024-01-09
U0234,P0121,3.0,0,2024-08-31
U0333,P0136,4.5,1,2024-09-11
U0054,P0110,3.5,0,2024-06-22
U0189,P0248,5.0,1,2024-04-20
U0370,P0032,4.5,0,2024-04-14
U0156,P0261,5.0,1,2024-06-04
U0112,P0193,3.5,1,2024-07-21
U0487,P0009,3.0,0,2024-02-11
U0453,P0049,3.5,0,2024-12-26
U0388,P0299,4.0,0,2024-12-30
U0278,P0260,2.5,0,2024-08-15
U0200,P0180,2.0,0,2024-01-04
U0141,P0265,5.0,1,2024-02-24
U0096,P0048,4.5,0,2024-09-09
U0461,P0239,2.5,0,2024-08-14
U0230,P0126,1.5,0,2024-07-17
U0197,P0264,3.5,1,2024-12-04
U0359,P0234,3.5,1,2024-01-22
U0156,P0156,2.5,0,2024-08-13
U0285,P0060,3.0,0,2024-08-07
U0452,P0212,4.0,0,2024-09-18
U0329,P0093,3.5,0,2024-09-02
U0109,P0271,2.0,0,2024-02-20
U0489,P0153,2.0,0,2024-09-22
U0073,P0108,3.5,1,2024-03-05
U0449,P0047,4.0,0,2024-01-09
U0470,P0090,3.0,0,2024-11-07
U0175,P0260,3.0,0,2024-09-03
U0368,P0054,4.5,1,2024-05-23
U0437,P0177,1.5,0,2024-03-14
U0143,P0038,4.5,0,2024-04-14
U0109,P0300,5.0,1,2024-08-16
U0423,P0185,3.0,0,2024-04-21
U0399,P0187,5.0,0,2024-12-08
U0400,P0044,3.0,0,2024-12-03
U0358,P0068,1.0,0,2024-03-22
U0048,P0171,3.0,0,2024-09-18
U0465,P0091,2.5,0,2024-11-17
U0485,P0084,2.0,0,2024-02-22
U0355,P0061,4.5,0,2024-01-22
U0178,P0179,2.5,0,2024-09-29
U0362,P0265,3.0,0,2024-02-18
U0315,P0030,3.0,0,2024-03-25
U0500,P0123,4.5,0,2024-11-01
U0045,P0057,3.5,1,2024-02-25
U0044,P0240,4.0,0,2024-07-14
U0413,P0066,4.5,0,2024-11-01
U0311,P0283,3.5,0,2024-02-06
U0388,P0112,3.5,1,2024-01-14
U0054,P0065,4.5,0,2024-02-27
U0096,P0073,2.5,0,2024-09-24
U0128,P0189,5.0,1,2024-03-11
U0081,P0272,4.0,0,2024-06-08
U0253,P0059,2.5,0,2024-09-03
U0229,P0234,2.0,0,2024-07-17
U0497,P0013,3.5,0,2024-12-22
U0006,P0084,2.5,0,2024-09-16
U0071,P0162,2.0,0,2024-08-31
U0224,P0200,2.0,0,2024-12-14
U0217,P0280,5.0,0,2024-03-20
U0448,P0119,3.5,0,2024-11-07
U0002,P0005,3.5,0,2024-05-18
U0193,P0116,3.5,0,2024-09-14
U0001,P0096,5.0,1,2024-04-12
U0292,P0084,4.0,0,2024-12-11
U0302,P0055,3.5,0,2024-03-16
U0319,P0132,2.0,0,2024-10-22
U0179,P0294,4.0,1,2024-04-10
U0425,P0297,3.0,0,2024-11-13
U0054,P0126,3.0,0,2024-02-03
U0165,P0041,4.5,0,2024-03-27
U0234,P0203,5.0,0,2024-02-08
U0094,P0100,4.0,1,2024-01-19
U0357,P0216,4.0,1,2024-04-10
U0380,P0251,4.5,1,2024-02-29
U0454,P0133,5.0,0,2024-12-25
U0399,P0007,3.5,1,2024-02-04
U0420,P0291,3.5,0,2024-08-28
U0495,P0236,2.0,0,2024-11-07
U0071,P0182,2.5,0,2024-01-22
U0283,P0294,1.5,0,2024-02-29
U0392,P0212,5.0,0,2024-01-23
U0240,P0032,3.5,0,2024-01-17
U0296,P0069,5.0,1,2024-07-26
U0440,P0285,4.5,1,2024-07-16
U0347,P0235,1.5,0,2024-10-06
U0329,P0034,4.0,0,2024-04-18
U0306,P0188,5.0,1,2024-09-23
U0355,P0055,5.0,0,2024-11-14
U0462,P0129,3.5,0,2024-06-04
U0157,P0177,3.0,0,2024-05-12
U0271,P0293,3.0,0,2024-05-22
U0425,P0206,4.5,1,2024-11-22
U0431,P0273,1.5,0,2024-09-11
U0434,P0083,1.0,0,2024-09-07
U0468,P0123,4.0,0,2024-11-21
U0099,P0188,4.0,0,2024-05-11
U0472,P0267,2.0,0,2024-07-04
U0444,P0218,5.0,0,2024-10-26
U0351,P0111,4.0,1,2024-03-11
U0309,P0147,3.0,0,2024-08-15
U0019,P0226,4.5,0,2024-09-13
U0106,P0058,3.5,0,2024-03-06
U0430,P0023,4.5,0,2024-05-25
U0145,P0192,2.0,0,2024-02-21
U0297,P0155,4.5,0,2024-04-04
U0176,P0030,4.0,1,2024-02-10
U0459,P0066,4.5,0,2024-09-26
U0335,P0150,3.5,1,2024-12-28
U0129,P0162,4.0,0,2024-02-20
U0215,P0177,2.5,0,2024-12-14
U0068,P0142,3.0,0,2024-02-10
U0239,P0059,5.0,0,2024-03-14
U0160,P0143,3.5,1,2024-03-27
U0095,P0186,4.5,0,2024-09-30
U0464,P0004,3.0,0,2024-04-26
U0110,P0150,2.5,0,2024-12-02
U0378,P0022,2.5,0,2024-11-19
U0446,P0062,3.5,1,2024-08-19
U0011,P0122,4.5,0,2024-11-08
U0487,P0120,3.0,0,2024-08-23
U0469,P0084,5.0,1,2024-11-26
U0237,P0116,5.0,0,2024-07-29
U0421,P0218,2.0,0,2024-03-23
U0431,P0058,5.0,1,2024-05-20
U0443,P0098,3.5,1,2024-10-14
U0355,P0114,5.0,1,2024-01-24
U0049,P0011,4.0,1,2024-07-24
U0032,P0251,2.5,0,2024-12-20
U0021,P0073,3.5,1,2024-02-22
U0496,P0212,4.0,0,2024-12-06
U0159,P0215,4.0,1,2024-01-16
U0154,P0028,4.5,1,2024-12-16
U0174,P0077,4.0,1,2024-09-26
U0359,P0194,3.5,0,2024-11-15
U0014,P0156,3.5,1,2024-12-23
U0013,P0232,3.0,0,2024-06-08
U0127,P0061,2.0,0,2024-03-30
U0003,P0298,3.5,1,2024-10-24
U0404,P0078,4.5,1,2024-02-10
U0169,P0171,4.0,0,2024-03-23
U0330,P0086,4.5,0,2024-12-21
U0250,P0102,3.5,0,2024-11-03
U0201,P0025,3.5,1,2024-09-29
U0067,P0260,4.5,1,2024-03-27
U0252,P0072,2.0,0,2024-07-20
U0417,P0221,3.0,0,2024-12-30
U0270,P0141,4.5,0,2024-10-20
U0129,P0148,5.0,1,2024-07-04
U0233,P0269,2.0,0,2024-10-13
U0176,P0110,4.0,0,2024-07-08
U0304,P0108,4.0,0,2024-03-05
U0325,P0075,1.5,0,2024-01-29
U0466,P0153,3.5,1,2024-09-02
U0497,P0064,2.0,0,2024-02-22
U0206,P0262,3.5,0,2024-11-12
U0183,P0273,3.0,0,2024-06-05
U0373,P0078,4.0,0,2024-11-01
U0196,P0240,4.0,0,2024-11-28
U0209,P0047,3.0,0,2024-03-05
U0149,P0132,4.0,1,2024-07-22
U0402,P0271,5.0,1,2024-06-16
U0357,P0287,4.5,0,2024-12-19
U0382,P0296,3.5,0,2024-05-02
U0294,P0169,2.5,0,2024-04-30
U0312,P0080,5.0,0,2024-12-06
U0341,P0182,2.5,0,2024-01-11
U0182,P0019,4.0,1,2024-12-02
U0087,P0092,2.5,0,2024-11-10
U0152,P0065,3.5,1,2024-12-04
U0156,P0107,2.5,0,2024-06-04
U0393,P0022,5.0,0,2024-10-23
U0323,P0178,3.5,1,2024-04-26
U0342,P0268,5.0,0,2024-12-05
U0228,P0253,3.5,0,2024-02-21
U0221,P0208,5.0,0,2024-04-27
U0411,P0071,4.0,0,2024-03-17
U0338,P0257,2.5,0,2024-12-03
U0227,P0295,4.5,0,2024-07-02
U0424,P0089,2.5,0,2024-01-16
U0414,P0007,4.0,0,2024-09-30
U0261,P0262,4.0,1,2024-09-24
U0012,P0255,4.0,0,2024-09-15
U0400,P0120,3.5,0,2024-03-08
U0059,P0266,2.0,0,2024-12-22
U0154,P0298,5.0,0,2024-03-06
U0144,P0153,5.0,1,2024-02-06
U0249,P0102,4.0,1,2024-05-11
U0047,P0195,1.5,0,2024-09-02
U0058,P0085,4.0,0,2024-10-28
U0153,P0035,4.5,1,2024-07-15
U0498,P0256,3.5,0,2024-08-10
U0056,P0157,3.0,0,2024-04-10
U0467,P0053,3.0,0,2024-07-30
U0236,P0016,1.5,0,2024-01-14
U0007,P0075,3.5,0,2024-09-03
U0388,P0214,2.0,0,2024-02-12
U0074,P0049,3.0,0,2024-12-15
U0144,P0223,4.5,0,2024-06-23
U0271,P0284,4.5,1,2024-05-20
U0414,P0175,4.0,1,2024-08-04
U0244,P0254,2.5,0,2024-07-16
U0276,P0077,5.0,1,2024-02-23
U0338,P0042,4.0,0,2024-09-16
U0281,P0192,2.5,0,2024-12-06
U0035,P0047,3.5,1,2024-01-05
U0448,P0087,3.5,0,2024-12-08
U0421,P0023,3.5,1,2024-03-18
U0019,P0033,3.5,0,2024-05-18
U0272,P0293,3.0,0,2024-08-31
U0086,P0019,3.5,0,2024-09-14
U0131,P0212,4.0,0,2024-10-23
U0115,P0195,4.5,1,2024-06-29
U0055,P0138,4.5,0,2024-03-05
U0037,P0237,3.5,0,2024-05-29
U0129,P0117,4.0,1,2024-05-28
U0269,P0227,3.0,0,2024-10-07
U0407,P0082,4.0,0,2024-06-11
U0497,P0281,3.0,0,2024-10-05
U0227,P0169,5.0,0,2024-07-05
U0068,P0003,3.0,0,2024-07-31
U0406,P0013,4.0,0,2024-08-06
U0490,P0093,3.5,1,2024-07-07
U0165,P0225,5.0,0,2024-05-09
U0473,P0206,4.0,1,2024-07-20
U0237,P0096,3.5,0,2024-05-10
U0182,P0247,2.5,0,2024-05-05
U0211,P0293,2.5,0,2024-12-26
U0464,P0279,2.5,0,2024-11-11
U0102,P0043,4.0,1,2024-05-19
U0094,P0004,3.0,0,2024-04-03
U0389,P0016,4.0,0,2024-10-16
U0446,P0236,4.5,1,2024-09-10
U0425,P0134,4.0,1,2024-09-13
U0268,P0174,4.5,0,2024-07-22
U0469,P0076,4.0,0,2024-05-22
U0167,P0298,3.5,0,2024-02-01
U0411,P0299,4.0,0,2024-08-18
U0413,P0167,4.0,1,2024-10-02
U0399,P0204,3.0,0,2024-03-09
U0487,P0231,2.0,0,2024-07-21
U0362,P0249,3.0,0,2024-08-28
U0341,P0204,2.5,0,2024-04-18
U0419,P0091,4.0,1,2024-02-10
U0020,P0105,3.5,0,2024-03-04
U0175,P0126,4.0,0,2024-11-18
U0167,P0042,4.0,1,2024-03-01
U0171,P0291,4.0,1,2024-01-29
U0190,P0255,1.5,0,2024-05-29
U0013,P0157,3.0,0,2024-09-29
U0148,P0011,5.0,0,2024-05-16
U0160,P0226,5.0,0,2024-04-15
U0082,P0025,3.0,0,2024-02-18
U0206,P0176,4.0,0,2024-08-01
U0443,P0187,4.0,1,2024-05-21
U0457,P0008,4.0,1,2024-10-17
U0487,P0160,4.5,1,2024-02-29
U0043,P0109,5.0,1,2024-06-11
U0351,P0167,1.5,0,2024-03-26
U0108,P0107,3.5,1,2024-01-15
U0486,P0183,4.0,0,2024-03-06
U0405,P0256,4.0,0,2024-04-10
U0423,P0008,3.5,1,2024-09-06
U0242,P0170,4.0,0,2024-12-28
U0359,P0056,1.5,0,2024-09-15
U0358,P0186,5.0,0,2024-03-10
U0442,P0064,5.0,1,2024-05-04
U0414,P0066,3.0,0,2024-08-23
U0024,P0001,3.5,1,2024-10-10
U0324,P0178,3.0,0,2024-01-22
U0474,P0044,3.5,0,2024-07-15
U0045,P0079,3.5,0,2024-06-03
U0149,P0052,2.0,0,2024-09-07
U0432,P0214,4.5,0,2024-05-04
U0204,P0150,2.5,0,2024-03-18
U0335,P0266,3.0,0,2024-11-25
U0273,P0158,5.0,1,2024-12-16
U0225,P0090,5.0,1,2024-08-20
U0070,P0010,3.5,0,2024-01-13
U0499,P0084,1.0,0,2024-03-03
U0440,P0295,3.5,0,2024-06-20
U0208,P0114,3.0,0,2024-04-05
U0306,P0300,3.0,0,2024-11-23
U0110,P0005,5.0,0,2024-05-16
U0378,P0078,3.0,0,2024-10-12
U0275,P0299,4.0,1,2024-12-27
U0480,P0296,3.5,1,2024-09-30
U0155,P0019,4.5,1,2024-05-12
U0462,P0020,4.5,0,2024-04-28
U0253,P0225,1.5,0,2024-10-12
U0284,P0275,4.5,0,2024-10-17
U0375,P0225,2.5,0,2024-01-13
U0042,P0161,3.0,0,2024-01-21
U0387,P0251,5.0,0,2024-05-07
U0213,P0180,3.0,0,2024-11-12
U0026,P0266,4.5,0,2024-01-16
U0416,P0107,4.5,0,2024-02-10
U0108,P0048,3.5,1,2024-09-05
U0121,P0045,3.0,0,2024-10-26
U0209,P0284,4.5,1,2024-10-01
U0028,P0261,5.0,0,2024-07-09
U0425,P0107,2.0,0,2024-06-02
U0293,P0094,3.0,0,2024-01-25
U0431,P0126,1.5,0,2024-10-26
U0358,P0280,4.0,1,2024-10-21
U0270,P0021,2.0,0,2024-05-22
U0248,P0001,3.0,0,2024-09-30
U0241,P0198,3.5,0,2024-02-21
U0005,P0237,3.5,1,2024-07-08
U0325,P0239,4.0,1,2024-11-15
U0208,P0063,3.0,0,2024-09-04
U0466,P0107,3.0,0,2024-04-17
U0046,P0169,4.5,1,2024-07-19
U0196,P0278,4.5,0,2024-06-09
U0058,P0291,3.5,0,2024-12-05
U0066,P0298,2.0,0,2024-02-05
U0019,P0162,4.0,0,2024-01-19
U0339,P0018,3.0,0,2024-09-11
U0070,P0219,3.0,0,2024-05-06
U0423,P0080,4.5,0,2024-11-23
U0189,P0264,3.5,1,2024-09-01
U0173,P0210,3.0,0,2024-06-20
U0323,P0199,4.0,1,2024-02-06
U0093,P0086,3.5,0,2024-01-13
U0294,P0279,2.5,0,2024-08-23
U0273,P0157,3.5,1,2024-12-07
U0098,P0152,5.0,1,2024-04-16
U0442,P0116,3.5,1,2024-03-22
U0021,P0225,3.0,0,2024-09-21
U0402,P0273,3.5,0,2024-08-10
U0075,P0225,5.0,1,2024-04-14
U0042,P0253,2.5,0,2024-01-11
U0152,P0112,3.5,1,2024-04-06
U0309,P0238,3.0,0,2024-02-02
U0003,P0126,2.5,0,2024-04-22
U0303,P0150,4.0,1,2024-07-31
U0321,P0220,3.0,0,2024-03-10
U0299,P0256,3.0,0,2024-12-22
U0339,P0084,4.0,1,2024-11-04
U0114,P0172,4.5,1,2024-10-10
U0073,P0110,5.0,1,2024-01-09
U0397,P0229,4.0,0,2024-04-15
U0320,P0283,4.5,1,2024-06-16
U0344,P0148,4.5,0,2024-11-14
U0185,P0180,1.0,0,2024-12-20
U0472,P0034,3.0,0,2024-08-02
U0316,P0097,5.0,1,2024-03-27
U0004,P0075,3.0,0,2024-03-13
U0040,P0266,4.5,1,2024-04-24
U0476,P0011,4.0,0,2024-08-24
U0053,P0021,4.0,0,2024-08-02
U0369,P0116,3.5,0,2024-10-11
U0072,P0146,5.0,1,2024-03-11
U0195,P0038,4.5,0,2024-12-29
U0402,P0264,4.5,1,2024-05-21
U0314,P0007,3.0,0,2024-12-08
U0353,P0265,3.0,0,2024-06-01
U0265,P0056,5.0,1,2024-03-30
U0440,P0167,5.0,1,2024-06-03
U0463,P0127,4.0,0,2024-11-24
U0050,P0245,3.5,1,2024-07-30
U0256,P0129,3.5,1,2024-12-12
U0410,P0236,3.0,0,2024-01-30
U0111,P0239,4.0,0,2024-10-23
U0287,P0244,4.5,1,2024-01-19
U0215,P0024,3.5,0,2024-04-30
U0230,P0003,4.0,1,2024-10-20
U0464,P0292,2.5,0,2024-06-22
U0221,P0037,5.0,1,2024-07-23
U0488,P0250,3.5,1,2024-12-22
U0421,P0019,5.0,0,2024-05-07
U0111,P0137,3.0,0,2024-02-03
U0212,P0221,5.0,1,2024-12-05
U0414,P0205,3.5,0,2024-11-01
U0141,P0272,4.5,1,2024-01-26
U0157,P0165,5.0,0,2024-08-19
U0380,P0111,3.0,0,2024-10-01
U0370,P0037,2.5,0,2024-12-28
U0129,P0262,3.0,0,2024-05-26
U0344,P0040,3.5,1,2024-12-17
U0478,P0206,3.0,0,2024-08-04
U0225,P0048,5.0,1,2024-06-16
U0449,P0222,3.0,0,2024-12-15
U0379,P0056,2.5,0,2024-04-15
U0253,P0019,2.5,0,2024-02-20
U0175,P0238,4.0,0,2024-09-25
U0298,P0074,2.5,0,2024-05-10
U0339,P0006,4.5,1,2024-08-27
U0245,P0216,4.0,0,2024-08-13
U0341,P0246,4.5,0,2024-11-07
U0486,P0014,4.0,1,2024-10-22
U0403,P0133,4.5,1,2024-12-12
U0049,P0185,3.0,0,2024-04-28
U0306,P0232,4.0,1,2024-09-10
U0343,P0135,3.0,0,2024-04-20
U0233,P0186,5.0,0,2024-08-19
U0399,P0270,5.0,1,2024-11-11
U0068,P0294,5.0,0,2024-08-01
U0423,P0241,3.0,0,2024-11-30
U0202,P0172,3.5,0,2024-11-26
U0292,P0157,4.0,0,2024-01-18
U0038,P0265,5.0,0,2024-07-14
U0375,P0173,2.5,0,2024-11-14
U0261,P0139,3.0,0,2024-10-04
U0093,P0128,3.0,0,2024-11-25
U0424,P0058,3.0,0,2024-06-08
U0255,P0188,2.5,0,2024-05-16
U0258,P0287,2.0,0,2024-02-06
U0027,P0069,3.0,0,2024-06-02
U0438,P0171,5.0,0,2024-05-28
U0232,P0275,4.0,0,2024-03-23
U0071,P0014,4.0,0,2024-02-01
U0203,P0016,3.0,0,2024-11-11
U0173,P0196,3.5,1,2024-05-11
U0151,P0116,4.0,0,2024-06-13
U0488,P0090,5.0,1,2024-05-12
U0125,P0142,4.0,0,2024-12-18
U0311,P0272,4.0,1,2024-01-13
U0078,P0223,3.5,1,2024-06-29
U0324,P0056,5.0,0,2024-09-27
U0395,P0106,4.5,1,2024-04-27
U0382,P0150,3.5,1,2024-07-29
U0074,P0220,2.5,0,2024-01-24
U0023,P0247,3.5,1,2024-06-12
U0092,P0088,2.5,0,2024-06-30
U0355,P0291,4.5,0,2024-05-07
U0292,P0029,5.0,0,2024-01-19
U0013,P0030,4.0,0,2024-10-30
U0043,P0006,5.0,1,2024-11-25
U0328,P0257,4.5,0,2024-02-28
U0032,P0252,4.5,0,2024-05-07
U0359,P0050,3.5,1,2024-07-30
U0175,P0158,2.5,0,2024-10-10
U0388,P0045,4.5,0,2024-08-09
U0229,P0152,4.0,1,2024-11-15
U0406,P0021,3.0,0,2024-11-11
U0355,P0191,4.5,1,2024-10-06
U0468,P0269,2.5,0,2024-05-03
U0001,P0129,3.5,0,2024-09-21
U0265,P0242,5.0,0,2024-04-15
U0435,P0228,3.5,1,2024-06-16
U0264,P0181,3.5,1,2024-05-28
U0244,P0274,4.0,0,2024-09-08
U0388,P0004,2.0,0,2024-02-06
U0071,P0178,4.0,0,2024-07-27
U0013,P0182,3.5,0,2024-01-05
U0496,P0044,3.0,0,2024-08-12
U0182,P0140,3.5,0,2024-04-27
U0352,P0199,3.5,1,2024-05-29
U0492,P0206,4.0,0,2024-11-08
U0418,P0183,4.5,0,2024-02-26
U0351,P0134,3.0,0,2024-01-14
U0283,P0137,3.5,1,2024-08-20
U0369,P0203,3.0,0,2024-09-16
U0218,P0174,4.0,1,2024-04-02
U0117,P0085,3.0,0,2024-06-15
U0007,P0232,3.5,0,2024-12-23
U0054,P0072,4.5,1,2024-01-10
U0472,P0016,3.5,0,2024-07-08
U0148,P0018,5.0,1,2024-01-30
U0304,P0091,1.5,0,2024-03-31
U0211,P0259,4.5,0,2024-09-04
U0166,P0031,3.0,0,2024-08-07
U0133,P0046,3.5,1,2024-08-05
U0002,P0296,3.0,0,2024-09-14
U0105,P0178,3.5,1,2024-07-21
U0408,P0101,3.5,1,2024-09-27
U0459,P0049,3.5,1,2024-10-06
U0467,P0226,4.5,0,2024-10-23
U0157,P0154,5.0,1,2024-01-09
U0406,P0197,5.0,0,2024-03-30
U0498,P0295,4.0,0,2024-02-24
U0012,P0181,3.5,0,2024-07-22
U0211,P0151,4.5,1,2024-03-15
U0242,P0245,3.5,1,2024-03-24
U0212,P0269,2.5,0,2024-11-07
U0182,P0162,4.0,0,2024-11-04
U0470,P0244,2.5,0,2024-10-26
U0477,P0274,3.0,0,2024-12-27
U0486,P0217,4.5,0,2024-12-05
U0491,P0187,5.0,0,2024-04-01
U0105,P0139,2.0,0,2024-07-09
U0338,P0044,4.0,1,2024-03-25
U0074,P0143,2.0,0,2024-03-21
U0451,P0114,3.5,0,2024-06-10
U0037,P0140,3.5,1,2024-02-09
U0402,P0041,2.5,0,2024-10-08
U0310,P0114,4.0,0,2024-04-29
U0189,P0089,4.5,1,2024-01-08
U0472,P0266,2.5,0,2024-09-01
U0054,P0265,4.0,1,2024-07-09
U0463,P0276,3.0,0,2024-04-01
U0033,P0052,5.0,1,2024-04-17
U0461,P0019,3.5,1,2024-04-13
U0332,P0080,5.0,1,2024-05-10
U0325,P0053,2.5,0,2024-02-10
U0338,P0124,4.0,1,2024-03-09
U0331,P0027,5.0,0,2024-05-21
U0374,P0184,3.5,0,2024-03-07
U0180,P0108,5.0,1,2024-05-22
U0353,P0044,4.5,0,2024-01-17
U0332,P0048,4.5,0,2024-12-15
U0158,P0126,4.5,1,2024-02-21
U0427,P0087,4.0,1,2024-10-01
U0044,P0138,4.0,0,2024-08-14
U0065,P0114,5.0,0,2024-06-12
U0113,P0226,5.0,1,2024-12-29
U0021,P0009,4.5,0,2024-04-17
U0009,P0272,5.0,1,2024-09-01
U0288,P0153,2.5,0,2024-08-05
U0429,P0115,4.5,0,2024-08-08
U0348,P0104,4.5,0,2024-07-16
U0170,P0067,4.0,1,2024-07-10
U0376,P0102,4.0,0,2024-04-14
U0204,P0107,2.5,0,2024-11-04
U0036,P0052,4.5,1,2024-01-19
U0035,P0290,4.5,1,2024-08-28
U0170,P0227,2.0,0,2024-11-10
U0127,P0021,1.5,0,2024-12-04
U0040,P0074,2.5,0,2024-03-14
U0050,P0299,4.0,1,2024-10-06
U0142,P0051,1.5,0,2024-06-05
U0449,P0167,4.5,0,2024-09-25
U0251,P0015,5.0,1,2024-03-20
U0376,P0178,3.5,0,2024-05-10
U0081,P0044,5.0,0,2024-11-10
U0374,P0103,2.0,0,2024-08-24
U0222,P0062,3.0,0,2024-11-13
U0487,P0234,4.5,1,2024-08-28
U0056,P0031,3.0,0,2024-03-13
U0372,P0137,1.5,0,2024-02-08
U0114,P0208,2.5,0,2024-11-07
U0432,P0115,5.0,0,2024-02-09
U0453,P0234,2.0,0,2024-01-15
U0124,P0280,2.5,0,2024-10-30
U0047,P0247,2.5,0,2024-09-20
U0302,P0150,2.5,0,2024-07-11
U0396,P0070,4.0,0,2024-01-13
U0399,P0119,3.5,0,2024-06-19
U0358,P0020,3.5,1,2024-07-10
U0433,P0207,5.0,0,2024-09-20
U0186,P0164,3.5,0,2024-01-25
U0257,P0250,4.0,1,2024-03-09
U0197,P0160,5.0,0,2024-12-16
U0137,P0256,3.0,0,2024-01-16
U0298,P0093,4.5,1,2024-01-20
U0099,P0297,4.0,1,2024-04-27
U0434,P0072,4.5,1,2024-09-07
U0357,P0175,4.0,0,2024-12-21
U0355,P0143,3.0,0,2024-10-01
U0492,P0056,3.5,1,2024-12-27
U0441,P0076,4.5,1,2024-06-29
U0215,P0215,4.0,1,2024-04-29
U0491,P0122,3.5,1,2024-10-06
U0230,P0246,3.0,0,2024-03-19
U0114,P0200,4.5,1,2024-07-25
U0262,P0230,3.0,0,2024-12-22
U0300,P0004,4.0,0,2024-05-24
U0165,P0109,3.5,0,2024-01-08
U0451,P0194,4.0,0,2024-03-07
U0388,P0063,3.0,0,2024-02-01
U0087,P0241,3.0,0,2024-12-08
U0232,P0129,3.0,0,2024-01-19
U0357,P0277,4.5,0,2024-12-07
U0137,P0229,2.5,0,2024-01-07
U0128,P0031,4.0,0,2024-08-01
U0247,P0176,2.5,0,2024-07-23
U0200,P0229,5.0,1,2024-12-03
U0215,P0051,4.5,0,2024-05-02
U0008,P0067,4.0,1,2024-02-22
U0247,P0033,3.0,0,2024-10-13
U0036,P0239,5.0,0,2024-08-17
U0091,P0284,4.5,0,2024-08-13
U0225,P0028,1.5,0,2024-03-20
U0238,P0132,4.5,1,2024-03-24
U0282,P0125,3.5,0,2024-06-17
U0395,P0208,3.5,1,2024-09-30
U0349,P0142,5.0,0,2024-10-01
U0435,P0022,1.5,0,2024-08-20
U0122,P0268,3.5,0,2024-07-07
U0242,P0241,3.5,0,2024-07-03
U0259,P0125,4.0,0,2024-01-11
U0448,P0264,4.0,1,2024-02-11
U0203,P0060,3.0,0,2024-07-05
U0485,P0076,4.0,1,2024-08-20
U0324,P0199,3.5,1,2024-02-15
U0393,P0131,4.5,1,2024-09-21
U0309,P0175,3.0,0,2024-04-18
U0263,P0291,5.0,1,2024-12-20
U0189,P0063,4.5,0,2024-01-27
U0127,P0117,3.0,0,2024-01-08
U0101,P0247,4.0,1,2024-01-12
U0303,P0088,4.0,0,2024-07-08
U0326,P0078,3.5,1,2024-01-30
U0397,P0214,4.0,0,2024-05-07
U0086,P0122,2.5,0,2024-09-28
U0325,P0006,4.5,0,2024-01-19
U0340,P0179,3.5,0,2024-06-11
U0100,P0206,4.5,1,2024-07-07
U0050,P0159,3.5,0,2024-11-26
U0256,P0203,2.5,0,2024-07-18
U0372,P0210,5.0,0,2024-11-20
U0343,P0257,5.0,0,2024-03-16
U0109,P0291,2.5,0,2024-09-14
U0020,P0137,2.0,0,2024-06-15
U0165,P0035,3.5,0,2024-03-30
U0203,P0045,3.0,0,2024-10-14
U0175,P0043,1.5,0,2024-12-28
U0205,P0066,3.0,0,2024-02-04
U0048,P0243,3.5,0,2024-07-06
U0031,P0258,3.0,0,2024-04-08
U0021,P0053,2.0,0,2024-01-06
U0231,P0164,4.0,0,2024-06-26
U0082,P0143,2.0,0,2024-11-09
U0279,P0048,5.0,0,2024-03-15
U0478,P0231,4.5,1,2024-09-16
U0025,P0288,5.0,1,2024-04-04
U0356,P0023,3.5,0,2024-08-21
U0021,P0036,3.0,0,2024-12-08
U0209,P0194,3.5,0,2024-03-26
U0047,P0183,3.5,1,2024-02-05
U0245,P0165,4.0,0,2024-06-03
U0241,P0045,2.0,0,2024-06-23
U0105,P0130,2.0,0,2024-06-29
U0479,P0225,4.5,1,2024-04-12
U0021,P0030,4.5,1,2024-11-17
U0037,P0221,1.5,0,2024-05-29
U0172,P0225,2.0,0,2024-12-24
U0035,P0224,4.0,0,2024-01-28
U0399,P0234,4.0,0,2024-08-19
U0338,P0169,5.0,1,2024-03-26
U0065,P0291,4.0,0,2024-09-23
U0319,P0259,4.0,0,2024-07-02
U0349,P0104,4.0,0,2024-03-14
U0269,P0146,4.0,1,2024-02-05
U0405,P0089,3.5,0,2024-04-19
U0174,P0007,4.0,0,2024-12-17
U0463,P0287,3.5,0,2024-08-01
U0494,P0060,4.0,1,2024-03-11
U0373,P0007,4.5,0,2024-05-09
U0060,P0119,2.5,0,2024-01-21
U0097,P0080,5.0,0,2024-05-07
U0313,P0033,4.0,1,2024-10-12
U0326,P0238,4.5,1,2024-04-01
U0224,P0277,5.0,0,2024-05-03
U0009,P0130,3.5,1,2024-06-02
U0424,P0034,4.0,1,2024-01-04
U0262,P0085,4.0,1,2024-02-02
U0377,P0215,4.0,0,2024-10-27
U0304,P0226,4.0,1,2024-07-05
U0011,P0113,3.5,0,2024-08-22
U0255,P0276,4.0,0,2024-05-23
U0485,P0052,3.5,0,2024-09-14
U0025,P0181,5.0,1,2024-08-08
U0297,P0157,4.0,0,2024-03-17
U0038,P0042,5.0,1,2024-09-01
U0195,P0125,3.5,0,2024-10-19
U0242,P0075,3.0,0,2024-11-22
U0326,P0029,3.0,0,2024-02-20
U0166,P0044,4.0,0,2024-10-04
U0239,P0196,2.5,0,2024-03-08
U0005,P0121,3.5,0,2024-07-15
U0072,P0300,2.5,0,2024-11-09
U0237,P0293,2.5,0,2024-05-18
U0490,P0192,3.0,0,2024-05-06
U0430,P0188,5.0,1,2024-05-18
U0447,P0019,2.5,0,2024-06-08
U0306,P0295,4.5,0,2024-01-26
U0248,P0211,5.0,0,2024-04-23
U0194,P0010,5.0,1,2024-06-22
U0461,P0174,4.5,0,2024-12-05
U0136,P0289,5.0,1,2024-04-23
U0014,P0173,5.0,1,2024-01-27
U0324,P0220,2.0,0,2024-10-07
U0192,P0078,4.0,1,2024-12-16
U0249,P0171,5.0,0,2024-10-31
U0006,P0288,4.5,1,2024-08-02
U0069,P0186,5.0,0,2024-02-20
U0149,P0266,5.0,0,2024-03-08
U0235,P0085,4.0,0,2024-01-24
U0227,P0257,4.5,0,2024-04-21
U0378,P0031,1.5,0,2024-09-25
U0288,P0103,4.0,1,2024-08-31
U0091,P0163,3.0,0,2024-10-08
U0191,P0016,5.0,0,2024-03-03
U0453,P0140,4.5,0,2024-09-21
U0007,P0172,4.0,1,2024-07-01
U0480,P0044,5.0,1,2024-12-10
U0287,P0143,4.0,0,2024-08-27
U0340,P0057,5.0,1,2024-12-29
U0347,P0295,5.0,1,2024-08-23
U0359,P0095,2.5,0,2024-01-30
U0266,P0220,5.0,1,2024-06-10
U0180,P0079,5.0,0,2024-06-03
U0288,P0205,4.5,0,2024-03-31
U0064,P0244,1.0,0,2024-03-18
U0111,P0016,1.5,0,2024-12-01
U0079,P0076,5.0,0,2024-10-05
U0038,P0288,3.5,1,2024-07-16
U0320,P0186,2.5,0,2024-09-10
U0090,P0077,4.0,1,2024-04-03
U0406,P0025,3.0,0,2024-10-25
U0260,P0299,4.0,0,2024-10-11
U0126,P0199,4.0,0,2024-07-18
U0236,P0027,5.0,1,2024-12-07
U0018,P0165,4.5,0,2024-07-31
U0048,P0129,2.5,0,2024-08-19
U0042,P0048,2.5,0,2024-10-08
U0074,P0221,4.5,0,2024-11-24
U0492,P0032,4.5,1,2024-02-07
U0341,P0230,3.5,1,2024-07-19
U0137,P0084,4.0,0,2024-10-11
U0036,P0038,4.5,0,2024-01-30
U0246,P0039,3.5,0,2024-08-30
U0157,P0001,4.5,1,2024-12-08
U0123,P0010,2.5,0,2024-05-15
U0075,P0018,4.0,0,2024-07-25
U0242,P0041,3.5,1,2024-11-06
U0111,P0040,4.5,1,2024-01-07
U0092,P0123,4.0,1,2024-01-01
U0091,P0071,5.0,0,2024-02-12
U0183,P0097,4.0,1,2024-12-23
U0395,P0021,4.0,0,2024-12-26
U0270,P0199,3.5,0,2024-11-11
U0137,P0287,5.0,0,2024-09-28
U0431,P0188,4.0,0,2024-08-18
U0263,P0074,4.0,0,2024-12-06
U0210,P0109,3.0,0,2024-06-22
U0151,P0266,3.5,0,2024-04-24
U0337,P0013,5.0,1,2024-04-29
U0026,P0190,4.0,1,2024-08-03
U0456,P0151,4.5,0,2024-10-31
U0201,P0126,2.0,0,2024-06-22
U0087,P0249,4.5,0,2024-06-02
U0456,P0086,4.5,0,2024-03-04
U0353,P0192,3.5,0,2024-09-20
U0259,P0157,5.0,0,2024-12-15
U0482,P0151,4.0,0,2024-02-15
U0474,P0139,4.5,1,2024-11-30
U0433,P0004,5.0,0,2024-10-06
U0289,P0239,4.0,0,2024-07-25
U0123,P0142,4.5,1,2024-03-15
U0300,P0201,5.0,1,2024-11-30
U0374,P0221,3.5,0,2024-12-29
U0383,P0293,4.5,0,2024-07-24
U0080,P0168,3.0,0,2024-09-30
U0094,P0140,1.0,0,2024-02-27
U0461,P0218,4.0,1,2024-05-19
U0023,P0129,3.5,1,2024-02-21
U0266,P0151,2.5,0,2024-12-13
U0272,P0095,2.0,0,2024-08-20
U0048,P0277,3.5,0,2024-03-21
U0037,P0029,5.0,1,2024-09-07
U0226,P0268,4.0,1,2024-02-13
U0393,P0135,4.5,0,2024-04-18
U0059,P0245,3.5,0,2024-02-01
U0486,P0191,4.0,1,2024-02-29
U0419,P0097,4.0,0,2024-07-24
U0158,P0138,4.5,1,2024-05-07
U0210,P0142,4.0,0,2024-06-14
U0447,P0089,3.5,0,2024-04-19
U0410,P0017,3.5,1,2024-09-19
U0158,P0091,4.0,0,2024-08-04
U0205,P0115,4.5,0,2024-05-07
U0374,P0024,2.5,0,2024-02-27
U0270,P0220,5.0,0,2024-06-26
U0144,P0089,3.0,0,2024-12-10
U0327,P0219,4.0,0,2024-01-16
U0367,P0032,4.0,0,2024-10-23
U0194,P0145,4.5,0,2024-10-27
U0386,P0195,4.5,0,2024-04-13
U0289,P0050,4.0,0,2024-09-15
U0070,P0247,1.5,0,2024-01-16
U0273,P0102,3.0,0,2024-03-12
U0193,P0293,4.0,1,2024-04-15
U0037,P0156,4.0,1,2024-08-25
U0426,P0107,2.5,0,2024-03-22
U0377,P0156,3.0,0,2024-11-30
U0019,P0132,3.0,0,2024-05-19
U0453,P0300,3.0,0,2024-09-14
U0094,P0116,3.0,0,2024-04-17
U0231,P0074,2.0,0,2024-06-27
U0080,P0224,4.0,1,2024-02-01
U0121,P0009,3.5,1,2024-02-17
U0167,P0011,3.5,1,2024-02-22
U0456,P0291,5.0,0,2024-05-25
U0445,P0260,5.0,0,2024-04-04
U0078,P0012,4.0,0,2024-11-14
U0195,P0128,4.0,1,2024-03-25
U0006,P0042,2.5,0,2024-02-27
U0427,P0089,3.0,0,2024-01-16
U0033,P0182,5.0,1,2024-02-20
U0240,P0039,3.5,1,2024-05-07
U0261,P0017,2.5,0,2024-04-03
U0257,P0110,3.5,0,2024-03-19
U0378,P0161,3.0,0,2024-07-19
U0369,P0162,5.0,1,2024-07-02
U0137,P0024,3.5,0,2024-07-12
U0169,P0210,5.0,1,2024-08-25
U0172,P0180,4.5,1,2024-12-30
U0367,P0296,2.5,0,2024-02-07
U0499,P0225,2.5,0,2024-05-22
U0431,P0118,3.0,0,2024-03-14
U0185,P0109,4.5,1,2024-04-30
U0209,P0247,3.5,0,2024-12-29
U0283,P0152,5.0,0,2024-02-27
U0362,P0243,3.0,0,2024-07-20
U0009,P0105,2.0,0,2024-06-06
U0379,P0284,5.0,1,2024-02-02
U0181,P0258,5.0,0,2024-09-12
U0182,P0009,4.0,1,2024-10-30
U0316,P0207,3.0,0,2024-02-25
U0295,P0230,3.5,1,2024-05-28
U0256,P0099,5.0,0,2024-01-30
U0221,P0106,3.5,1,2024-04-18
U0348,P0125,3.0,0,2024-04-04
U0477,P0022,5.0,1,2024-06-24
U0292,P0116,4.5,1,2024-10-05
U0494,P0152,5.0,1,2024-06-28
U0120,P0117,5.0,0,2024-09-29
U0038,P0112,1.5,0,2024-05-16
U0172,P0088,2.5,0,2024-07-26
U0197,P0041,4.0,0,2024-01-25
U0220,P0273,3.5,0,2024-07-20
U0354,P0215,5.0,1,2024-08-28
U0115,P0182,3.0,0,2024-09-15
U0469,P0040,2.0,0,2024-02-11
U0190,P0047,5.0,1,2024-07-31
U0107,P0291,5.0,0,2024-05-05
U0359,P0012,4.0,1,2024-01-04
U0304,P0235,3.0,0,2024-01-08
U0124,P0199,4.5,1,2024-09-09
U0303,P0142,3.5,1,2024-05-07
U0311,P0282,5.0,1,2024-04-26
U0248,P0192,3.5,0,2024-03-29
U0323,P0184,3.5,1,2024-03-27
U0083,P0111,3.0,0,2024-07-20
U0414,P0283,4.0,0,2024-02-16
U0241,P0183,1.5,0,2024-06-21
U0035,P0174,3.5,0,2024-04-03
U0473,P0178,4.0,1,2024-08-03
U0049,P0118,3.5,0,2024-03-17
U0211,P0027,2.0,0,2024-10-19
U0089,P0059,3.5,1,2024-12-04
U0475,P0225,4.0,0,2024-12-14
U0125,P0199,5.0,0,2024-02-27
U0236,P0132,2.0,0,2024-03-18
U0220,P0258,4.5,0,2024-02-28
U0061,P0188,3.5,1,2024-08-15
U0164,P0298,3.5,1,2024-05-03
U0153,P0066,4.5,0,2024-12-08
U0124,P0171,5.0,1,2024-09-27
U0429,P0042,3.0,0,2024-04-07
U0329,P0120,5.0,0,2024-01-05
U0478,P0294,4.5,0,2024-02-28
U0072,P0091,3.0,0,2024-03-08
U0362,P0063,4.0,0,2024-07-09
U0429,P0294,4.0,1,2024-10-23
U0140,P0132,3.0,0,2024-05-04
U0017,P0026,3.0,0,2024-09-16
U0308,P0014,4.0,1,2024-04-15
U0247,P0195,5.0,1,2024-07-20
U0066,P0155,4.5,0,2024-09-11
U0404,P0237,4.0,0,2024-05-31
U0489,P0247,4.5,1,2024-12-28
U0493,P0100,5.0,0,2024-09-25
U0350,P0125,3.0,0,2024-02-07
U0269,P0242,4.0,1,2024-10-11
U0484,P0177,4.0,0,2024-07-09
U0381,P0171,3.5,0,2024-10-28
U0360,P0070,3.0,0,2024-01-09
U0140,P0034,3.0,0,2024-05-24
U0161,P0157,3.5,0,2024-02-02
U0477,P0192,3.5,0,2024-10-30
U0008,P0243,3.0,0,2024-09-14
U0243,P0021,3.0,0,2024-01-13
U0001,P0069,4.0,1,2024-05-29
U0317,P0129,3.5,1,2024-02-02
U0149,P0034,4.0,1,2024-11-23
U0212,P0291,4.5,0,2024-06-23
U0056,P0124,5.0,1,2024-02-25
U0389,P0207,4.5,1,2024-03-20
U0163,P0051,4.5,0,2024-10-29
U0075,P0179,4.0,1,2024-05-16
U0274,P0073,3.0,0,2024-02-25
U0176,P0058,3.5,0,2024-02-25
U0300,P0215,4.0,0,2024-02-18
U0499,P0229,3.0,0,2024-06-11
U0139,P0119,5.0,1,2024-02-16
U0259,P0193,5.0,0,2024-10-27
U0014,P0191,1.5,0,2024-11-28
U0344,P0157,4.5,1,2024-12-22
U0271,P0055,3.0,0,2024-08-03
U0427,P0252,3.5,0,2024-05-10
U0142,P0251,2.5,0,2024-05-29
U0028,P0147,5.0,0,2024-08-14
U0468,P0058,2.0,0,2024-05-25
U0478,P0191,3.0,0,2024-09-06
U0022,P0029,2.5,0,2024-12-05
U0384,P0126,4.5,1,2024-03-14
U0297,P0291,3.5,1,2024-06-05
U0327,P0006,3.5,0,2024-01-20
U0161,P0181,5.0,0,2024-04-13
U0237,P0063,4.0,0,2024-05-09
U0028,P0049,3.5,0,2024-04-16
U0379,P0160,2.0,0,2024-03-10
U0203,P0221,2.5,0,2024-07-04
U0355,P0263,3.5,1,2024-02-12
U0431,P0132,5.0,1,2024-03-26
U0251,P0080,3.5,1,2024-09-12
U0245,P0186,3.5,0,2024-08-28
U0361,P0243,3.0,0,2024-08-20
U0436,P0093,2.5,0,2024-08-07
U0404,P0098,3.0,0,2024-08-20
U0468,P0113,1.0,0,2024-07-22
U0011,P0086,2.0,0,2024-01-25
U0401,P0155,5.0,1,2024-07-26
U0319,P0014,5.0,1,2024-03-03
U0184,P0230,3.5,0,2024-05-25
U0252,P0189,4.0,0,2024-03-26
U0103,P0261,2.5,0,2024-08-12
U0222,P0013,4.0,0,2024-11-15
U0009,P0107,3.0,0,2024-08-29
U0426,P0098,4.0,0,2024-01-04
U0128,P0157,5.0,1,2024-01-31
U0314,P0156,4.0,0,2024-06-04
U0263,P0028,4.0,0,2024-02-26
U0175,P0264,5.0,1,2024-09-14
U0348,P0231,4.5,1,2024-07-16
U0239,P0092,4.0,0,2024-05-25
U0319,P0192,5.0,1,2024-12-08
U0450,P0290,3.0,0,2024-05-29
U0238,P0137,3.5,1,2024-08-23
U0034,P0171,4.0,0,2024-09-02
U0007,P0249,4.0,0,2024-11-02
U0216,P0134,4.5,1,2024-04-04
U0347,P0173,3.0,0,2024-11-12
U0219,P0251,4.5,1,2024-10-23
U0033,P0275,4.0,1,2024-12-28
U0149,P0058,4.0,0,2024-09-08
U0204,P0284,4.5,1,2024-05-29
U0070,P0068,3.5,0,2024-07-10
U0353,P0299,2.5,0,2024-11-21
U0311,P0097,5.0,0,2024-08-30
U0263,P0061,2.0,0,2024-12-25
U0188,P0018,4.5,1,2024-06-05
U0087,P0237,3.0,0,2024-03-16
U0114,P0147,4.5,0,2024-05-13
U0008,P0273,4.5,0,2024-05-13
U0029,P0104,3.0,0,2024-03-05
U0297,P0194,4.5,0,2024-12-22
U0050,P0079,3.5,1,2024-04-02
U0187,P0288,4.5,1,2024-02-15
U0370,P0129,3.0,0,2024-11-12
U0249,P0134,3.5,1,2024-07-06
U0235,P0204,5.0,0,2024-12-25
U0277,P0109,3.5,0,2024-12-16
U0408,P0085,4.0,1,2024-06-06
U0350,P0029,3.0,0,2024-02-29
U0283,P0062,1.5,0,2024-06-20
U0063,P0267,3.5,1,2024-04-10
U0475,P0012,3.5,1,2024-09-17
U0175,P0174,3.5,0,2024-09-03
U0021,P0267,5.0,1,2024-04-12
U0310,P0125,1.5,0,2024-04-26
U0195,P0265,2.5,0,2024-02-13
U0454,P0094,2.0,0,2024-09-26
U0482,P0168,1.5,0,2024-02-23
U0397,P0104,3.0,0,2024-06-07
U0332,P0142,3.0,0,2024-06-14
U0232,P0230,5.0,1,2024-01-16
U0085,P0224,5.0,0,2024-12-02
U0409,P0298,5.0,1,2024-01-30
U0185,P0255,4.0,0,2024-06-25
U0472,P0295,5.0,1,2024-11-06
U0091,P0245,3.5,1,2024-07-17
U0455,P0049,3.0,0,2024-10-12
U0468,P0214,3.5,0,2024-08-27
U0214,P0242,5.0,0,2024-04-06
U0327,P0149,4.0,0,2024-06-05
U0419,P0266,4.5,1,2024-09-15
U0477,P0298,5.0,0,2024-06-03
U0499,P0116,2.5,0,2024-10-09
U0292,P0158,4.0,1,2024-12-02
U0108,P0095,4.0,1,2024-06-26
U0475,P0202,4.0,0,2024-04-04
U0327,P0226,3.5,0,2024-05-07
U0039,P0290,4.0,0,2024-07-04
U0281,P0295,1.0,0,2024-06-20
U0186,P0189,3.5,1,2024-01-26
U0387,P0193,3.0,0,2024-07-14
U0211,P0214,2.5,0,2024-11-24
U0029,P0159,3.0,0,2024-11-23
U0276,P0166,4.5,0,2024-02-24
U0246,P0206,3.5,0,2024-06-28
U0410,P0179,3.0,0,2024-01-18
U0225,P0206,2.5,0,2024-07-24
U0174,P0197,2.0,0,2024-08-15
U0271,P0015,1.5,0,2024-02-04
U0069,P0269,4.0,0,2024-09-04
U0022,P0001,5.0,1,2024-05-15
U0496,P0068,3.0,0,2024-01-26
U0436,P0261,3.0,0,2024-12-06
U0169,P0248,2.5,0,2024-02-17
U0199,P0092,3.0,0,2024-07-27
U0342,P0029,3.0,0,2024-12-20
U0047,P0281,4.0,0,2024-08-16
U0147,P0268,3.0,0,2024-11-19
U0335,P0225,3.0,0,2024-07-01
U0087,P0093,4.0,1,2024-08-13
U0266,P0207,5.0,1,2024-10-09
U0418,P0016,3.0,0,2024-09-25
U0033,P0076,3.0,0,2024-02-21
U0065,P0228,3.5,1,2024-09-29
U0459,P0056,2.5,0,2024-12-14
U0438,P0111,3.0,0,2024-12-20
U0480,P0258,5.0,0,2024-12-19
U0252,P0116,4.5,1,2024-06-26
U0461,P0240,4.5,1,2024-11-09
U0168,P0014,5.0,1,2024-11-03
U0367,P0254,3.5,1,2024-06-06
U0210,P0053,4.5,0,2024-05-17
U0482,P0216,3.0,0,2024-12-14
U0077,P0036,4.5,0,2024-08-19
U0433,P0092,2.5,0,2024-05-21
U0129,P0067,3.0,0,2024-08-30
U0373,P0069,4.0,0,2024-01-07
U0318,P0125,3.5,0,2024-05-02
U0201,P0021,5.0,0,2024-05-06
U0393,P0274,4.0,0,2024-12-11
U0219,P0162,4.0,1,2024-07-31
U0102,P0214,3.5,1,2024-07-18
U0168,P0193,3.0,0,2024-10-06
U0476,P0222,3.0,0,2024-08-08
U0023,P0132,3.5,1,2024-07-28
U0035,P0166,3.5,1,2024-02-25
U0383,P0061,4.5,0,2024-06-26
U0325,P0261,1.5,0,2024-03-24
U0139,P0181,4.0,1,2024-03-09
U0439,P0012,3.0,0,2024-10-09
U0246,P0194,4.5,0,2024-10-19
U0113,P0083,3.0,0,2024-03-05
U0452,P0271,3.5,0,2024-01-30
U0071,P0279,3.5,1,2024-08-25
U0227,P0048,4.5,1,2024-04-02
U0207,P0215,4.5,1,2024-12-07
U0460,P0239,3.0,0,2024-08-02
U0395,P0204,3.5,0,2024-09-24
U0087,P0104,2.0,0,2024-11-14
U0083,P0088,4.0,0,2024-05-12
U0115,P0091,4.0,0,2024-10-20
U0366,P0222,3.0,0,2024-10-08
U0127,P0197,4.5,0,2024-04-20
U0167,P0049,2.5,0,2024-04-16
U0093,P0140,2.5,0,2024-12-26
U0171,P0130,4.0,1,2024-11-29
U0485,P0054,3.5,0,2024-12-19
U0364,P0097,4.0,1,2024-02-02
U0082,P0288,5.0,1,2024-07-09
U0007,P0275,4.5,1,2024-02-20
U0120,P0088,5.0,1,2024-06-16
U0343,P0094,4.5,1,2024-01-08
U0225,P0094,5.0,0,2024-08-14
U0102,P0059,4.5,1,2024-08-02
U0046,P0181,2.5,0,2024-03-29
U0335,P0021,4.0,1,2024-01-13
U0174,P0207,2.5,0,2024-12-08
U0437,P0035,2.5,0,2024-11-20
U0290,P0142,3.0,0,2024-04-15
U0260,P0209,4.5,0,2024-07-30
U0155,P0166,5.0,0,2024-08-30
U0098,P0252,3.0,0,2024-06-12
U0134,P0198,4.0,0,2024-09-22
U0029,P0218,5.0,1,2024-08-20
U0308,P0219,1.0,0,2024-10-12
U0489,P0087,5.0,0,2024-07-31
U0327,P0233,5.0,0,2024-06-14
U0413,P0121,3.5,1,2024-05-30
U0108,P0037,3.0,0,2024-11-28
U0146,P0222,5.0,0,2024-01-07
U0277,P0093,2.5,0,2024-08-02
U0447,P0175,4.5,0,2024-08-24
U0141,P0131,3.0,0,2024-12-06
U0117,P0073,4.0,1,2024-12-27
U0316,P0299,4.0,1,2024-05-05
U0137,P0234,4.0,0,2024-10-18
U0128,P0018,5.0,0,2024-07-20
U0227,P0265,4.0,1,2024-06-14
U0247,P0020,4.5,1,2024-04-10
U0160,P0108,5.0,1,2024-11-08
U0432,P0154,3.5,0,2024-10-25
U0493,P0198,4.5,0,2024-04-26
U0304,P0085,3.5,0,2024-04-16
U0117,P0082,2.5,0,2024-11-10
U0320,P0282,5.0,0,2024-06-26
U0431,P0037,3.5,0,2024-04-04
U0313,P0141,4.0,0,2024-08-18
U0157,P0225,5.0,0,2024-04-19
U0111,P0022,4.5,0,2024-07-30
U0496,P0247,2.0,0,2024-03-12
U0296,P0171,3.0,0,2024-09-02
U0392,P0209,4.0,1,2024-12-26
U0301,P0275,3.5,1,2024-04-10
U0115,P0037,3.0,0,2024-10-11
U0149,P0030,4.5,0,2024-03-31
U0490,P0162,5.0,0,2024-12-02
U0114,P0070,5.0,1,2024-02-21
U0186,P0001,1.5,0,2024-04-13
U0355,P0016,3.0,0,2024-12-03
U0396,P0025,3.5,0,2024-07-16
U0030,P0238,2.5,0,2024-04-19
U0406,P0043,5.0,1,2024-09-12
U0022,P0103,4.0,1,2024-08-20
U0168,P0045,2.0,0,2024-02-15
U0164,P0098,5.0,1,2024-09-16
U0434,P0059,1.5,0,2024-06-18
U0258,P0170,4.0,1,2024-12-07
U0491,P0046,4.5,1,2024-07-16
U0337,P0243,4.0,1,2024-05-14
U0095,P0226,3.0,0,2024-09-21
U0381,P0274,1.5,0,2024-12-03
U0246,P0285,3.0,0,2024-11-12
U0133,P0287,5.0,0,2024-04-27
U0180,P0088,4.0,0,2024-08-19
U0375,P0012,3.0,0,2024-08-22
U0137,P0271,5.0,1,2024-01-19
U0016,P0207,4.0,0,2024-03-08
U0078,P0031,5.0,1,2024-09-18
U0181,P0211,5.0,0,2024-09-15
U0047,P0207,3.0,0,2024-10-05
U0107,P0111,5.0,1,2024-05-23
U0435,P0180,3.0,0,2024-02-23
U0404,P0268,3.5,0,2024-11-09
U0374,P0054,5.0,1,2024-04-03
U0415,P0126,5.0,1,2024-11-24
U0152,P0105,4.0,0,2024-02-01
U0212,P0132,1.5,0,2024-06-15
U0096,P0007,2.5,0,2024-07-02
U0382,P0259,3.0,0,2024-02-28
U0072,P0087,2.5,0,2024-01-17
U0089,P0012,5.0,0,2024-03-12
U0109,P0187,3.0,0,2024-10-11
U0273,P0084,3.5,1,2024-05-10
U0387,P0198,5.0,1,2024-03-08
U0032,P0128,3.0,0,2024-12-19
U0305,P0189,4.0,1,2024-03-23
U0273,P0202,4.0,1,2024-10-02
U0233,P0033,3.5,0,2024-02-15
U0273,P0196,4.0,1,2024-04-30
U0418,P0002,3.0,0,2024-01-07
U0182,P0025,4.5,1,2024-11-09
U0044,P0155,4.5,0,2024-03-30
U0343,P0252,2.5,0,2024-11-28
U0355,P0199,4.0,0,2024-01-23
U0269,P0170,3.5,0,2024-06-05
U0022,P0025,4.5,0,2024-07-30
U0465,P0252,2.5,0,2024-07-23
U0344,P0279,5.0,0,2024-04-04
U0493,P0036,4.0,1,2024-01-30
U0018,P0232,4.0,0,2024-09-05
U0057,P0036,3.0,0,2024-07-31
U0497,P0087,5.0,1,2024-11-19
U0489,P0213,2.0,0,2024-10-06
U0043,P0225,5.0,1,2024-04-28
U0214,P0300,2.0,0,2024-02-22
U0402,P0089,4.0,0,2024-04-10
U0087,P0256,4.5,1,2024-06-02
U0051,P0243,3.0,0,2024-03-27
U0496,P0196,2.5,0,2024-10-21
U0052,P0182,3.0,0,2024-08-03
U0457,P0012,3.0,0,2024-04-15
U0216,P0247,3.0,0,2024-07-28
U0058,P0076,4.5,1,2024-05-07
U0132,P0172,4.0,1,2024-07-13
U0188,P0025,4.0,0,2024-11-30
U0067,P0270,5.0,1,2024-07-13
U0294,P0193,4.5,0,2024-10-04
U0230,P0298,5.0,1,2024-03-18
U0190,P0154,2.0,0,2024-04-22
U0339,P0011,5.0,0,2024-01-14
U0025,P0202,4.5,0,2024-12-26
U0013,P0186,3.0,0,2024-01-27
U0401,P0039,5.0,0,2024-02-24
U0191,P0243,5.0,1,2024-03-06
U0279,P0145,4.5,1,2024-08-24
U0105,P0238,5.0,0,2024-03-22
U0094,P0285,5.0,0,2024-09-03
U0066,P0248,5.0,1,2024-09-28
U0258,P0246,4.0,0,2024-02-06
U0371,P0150,4.0,1,2024-06-17
U0142,P0006,3.5,1,2024-01-12
U0201,P0154,4.0,1,2024-09-01
U0313,P0022,2.5,0,2024-03-08
U0392,P0224,4.0,1,2024-07-30
U0462,P0200,4.5,1,2024-03-08
U0375,P0110,4.5,0,2024-01-06
U0331,P0244,4.5,0,2024-09-02
U0239,P0217,3.5,0,2024-03-20
U0056,P0139,3.5,0,2024-01-30
U0374,P0235,4.5,0,2024-11-20
U0381,P0255,2.5,0,2024-05-21
U0149,P0129,5.0,0,2024-12-30
U0095,P0070,4.5,0,2024-12-25
U0331,P0128,4.0,0,2024-03-04
U0035,P0187,4.0,0,2024-05-16
U0338,P0087,3.5,1,2024-07-04
U0344,P0229,2.5,0,2024-01-28
U0016,P0184,1.0,0,2024-11-04
U0304,P0035,5.0,1,2024-12-12
U0408,P0184,3.5,1,2024-04-21
U0234,P0146,5.0,1,2024-05-15
U0409,P0097,3.0,0,2024-01-17
U0091,P0253,3.0,0,2024-11-07
U0447,P0220,1.5,0,2024-06-21
U0429,P0254,3.0,0,2024-11-16
U0245,P0189,3.0,0,2024-11-16
U0416,P0233,2.0,0,2024-03-23
U0222,P0288,3.0,0,2024-08-05
U0190,P0250,1.5,0,2024-02-23
U0010,P0148,5.0,1,2024-10-31
U0343,P0283,4.0,1,2024-05-20
U0088,P0276,4.0,1,2024-12-07
U0393,P0174,3.5,0,2024-03-11
U0158,P0174,1.5,0,2024-10-28
U0220,P0257,5.0,1,2024-08-20
U0178,P0299,5.0,0,2024-10-01
U0193,P0014,4.5,0,2024-04-01
U0412,P0166,3.5,1,2024-01-18
U0126,P0217,4.0,1,2024-12-03
U0336,P0001,4.5,0,2024-09-26
U0145,P0025,3.5,0,2024-11-08
U0309,P0057,3.0,0,2024-10-16
U0450,P0231,4.5,0,2024-10-12
U0171,P0198,5.0,1,2024-10-18
U0142,P0074,4.0,1,2024-10-09
U0155,P0287,4.0,0,2024-10-30
U0128,P0271,2.0,0,2024-04-17
U0331,P0060,3.0,0,2024-07-18
U0154,P0101,4.0,1,2024-08-23
U0189,P0271,1.0,0,2024-04-18
U0337,P0001,4.0,0,2024-06-24
U0239,P0268,4.0,0,2024-03-29
U0252,P0154,3.0,0,2024-10-22
U0379,P0246,2.5,0,2024-01-15
U0438,P0178,4.0,0,2024-12-14
U0471,P0257,3.0,0,2024-09-15
U0346,P0122,4.5,0,2024-02-22
U0300,P0294,2.5,0,2024-04-18
U0365,P0053,4.5,0,2024-08-17
U0012,P0008,4.5,1,2024-02-08
U0031,P0044,4.5,0,2024-01-02
U0412,P0027,1.5,0,2024-10-20
U0455,P0099,5.0,1,2024-02-14
U0064,P0023,3.5,1,2024-06-29
U0331,P0184,4.0,1,2024-08-30
U0302,P0059,3.5,0,2024-01-15
U0147,P0142,4.5,0,2024-05-24
U0397,P0010,4.0,1,2024-04-03
U0067,P0089,3.5,0,2024-11-24
U0380,P0036,5.0,1,2024-10-28
U0138,P0297,2.5,0,2024-09-26
U0487,P0128,2.5,0,2024-09-03
U0389,P0047,1.0,0,2024-10-27
U0303,P0056,3.5,0,2024-10-05
U0292,P0076,2.5,0,2024-12-01
U0014,P0272,4.5,0,2024-04-11
U0113,P0150,3.0,0,2024-12-19
U0084,P0008,4.5,1,2024-04-18
U0102,P0232,4.0,1,2024-09-26
U0223,P0158,3.0,0,2024-06-06
U0285,P0213,3.5,1,2024-12-06
U0245,P0029,3.5,0,2024-09-22
U0491,P0249,4.5,0,2024-02-13
U0372,P0145,2.5,0,2024-02-22
U0065,P0142,5.0,0,2024-02-24
U0179,P0250,4.0,0,2024-05-04
U0091,P0037,2.0,0,2024-11-11
U0172,P0027,5.0,0,2024-11-15
U0249,P0061,3.5,1,2024-04-13
U0393,P0017,4.0,0,2024-06-19
U0109,P0122,3.0,0,2024-08-29
U0465,P0276,4.0,1,2024-01-22
U0194,P0118,4.0,0,2024-01-05
U0409,P0028,3.0,0,2024-04-07
U0262,P0070,3.5,0,2024-01-08
U0368,P0123,1.5,0,2024-03-30
U0399,P0193,5.0,0,2024-05-28
U0106,P0200,4.0,0,2024-10-08
U0278,P0163,1.0,0,2024-07-21
U0475,P0173,3.5,1,2024-07-04
U0377,P0272,5.0,0,2024-07-26
U0202,P0085,4.0,1,2024-02-18
U0426,P0242,3.0,0,2024-11-17
U0327,P0262,3.5,0,2024-04-24
U0369,P0161,4.5,0,2024-11-12
U0395,P0210,3.5,1,2024-08-19
U0101,P0120,5.0,1,2024-08-09
U0444,P0112,3.0,0,2024-03-28
U0247,P0213,3.5,0,2024-10-21
U0208,P0092,4.5,1,2024-03-27
U0406,P0267,4.5,1,2024-04-28
U0496,P0185,4.0,1,2024-06-09
U0400,P0293,2.0,0,2024-01-03
U0024,P0181,4.5,0,2024-11-17
U0402,P0234,2.5,0,2024-01-18
U0005,P0030,5.0,1,2024-09-19
U0461,P0234,5.0,1,2024-06-07
U0251,P0083,3.5,0,2024-05-17
U0037,P0225,3.5,0,2024-11-29
U0040,P0298,4.0,0,2024-11-13
U0294,P0071,3.5,0,2024-11-04
U0386,P0213,3.5,1,2024-09-22
U0072,P0161,4.5,1,2024-05-20
U0332,P0025,3.5,0,2024-06-04
U0221,P0021,4.5,0,2024-02-10
U0015,P0050,4.0,0,2024-08-25
U0444,P0171,3.5,0,2024-09-20
U0139,P0086,4.5,0,2024-07-09
U0176,P0017,2.5,0,2024-11-28
U0012,P0299,4.5,1,2024-10-21
U0426,P0126,3.5,0,2024-10-25
U0305,P0008,4.0,0,2024-11-16
U0497,P0288,4.5,0,2024-09-22
U0011,P0156,3.0,0,2024-06-27
U0332,P0017,4.0,1,2024-03-21
U0241,P0087,3.5,1,2024-01-31
U0193,P0089,1.5,0,2024-05-02
U0374,P0071,3.0,0,2024-11-03
U0488,P0265,3.5,1,2024-07-20
U0288,P0190,3.0,0,2024-05-02
U0087,P0169,2.0,0,2024-12-19
U0328,P0058,5.0,1,2024-10-03
U0377,P0144,4.5,0,2024-01-04
U0497,P0103,3.0,0,2024-06-03
U0015,P0063,1.5,0,2024-01-23
U0111,P0160,3.0,0,2024-02-10
U0282,P0105,4.5,0,2024-12-30
U0226,P0152,3.0,0,2024-09-15
U0318,P0298,4.0,0,2024-12-23
U0399,P0175,5.0,0,2024-11-27
U0426,P0063,4.0,0,2024-11-15
U0445,P0058,3.0,0,2024-06-25
U0207,P0165,3.5,0,2024-11-29
U0090,P0107,3.0,0,2024-01-13
U0029,P0078,5.0,1,2024-12-04
U0225,P0298,4.0,0,2024-10-04
U0340,P0014,2.5,0,2024-12-04
U0423,P0013,3.0,0,2024-05-17
U0099,P0167,4.0,0,2024-07-03
U0299,P0248,5.0,0,2024-01-02
U0181,P0281,2.5,0,2024-11-04
U0478,P0251,3.0,0,2024-07-29
U0337,P0219,5.0,0,2024-02-04
U0183,P0008,4.0,0,2024-12-17
U0018,P0203,3.5,0,2024-10-02
U0199,P0018,5.0,0,2024-12-20
U0282,P0080,4.5,1,2024-07-26
U0480,P0110,5.0,1,2024-02-15
U0274,P0264,3.0,0,2024-03-25
U0367,P0269,4.5,0,2024-03-09
U0288,P0007,4.5,1,2024-06-27
U0256,P0227,3.5,1,2024-12-01
U0173,P0227,4.5,0,2024-09-15
U0239,P0075,1.0,0,2024-11-12
U0203,P0228,4.5,0,2024-10-28
U0366,P0098,3.5,0,2024-10-11
U0159,P0006,4.5,1,2024-08-13
U0334,P0036,4.5,0,2024-03-20
U0422,P0254,3.5,0,2024-07-12
U0009,P0266,3.0,0,2024-06-20
U0245,P0083,3.0,0,2024-01-05
U0349,P0075,2.5,0,2024-10-14
U0109,P0136,2.5,0,2024-11-25
U0217,P0139,3.5,1,2024-02-01
U0046,P0012,3.5,0,2024-10-04
U0157,P0232,3.0,0,2024-07-30
U0418,P0122,4.5,0,2024-02-11
U0349,P0182,3.5,1,2024-10-14
U0339,P0082,3.0,0,2024-02-23
U0463,P0264,4.0,0,2024-09-26
U0433,P0236,4.5,0,2024-03-17
U0374,P0073,4.5,0,2024-03-26
U0357,P0093,3.0,0,2024-07-23
U0193,P0245,2.5,0,2024-06-05
U0168,P0114,4.0,0,2024-10-14
U0088,P0206,1.5,0,2024-11-05
U0096,P0280,4.5,0,2024-10-12
U0353,P0033,3.0,0,2024-07-14
U0253,P0222,4.0,0,2024-04-01
U0096,P0235,1.5,0,2024-01-16
U0049,P0043,3.0,0,2024-06-18
U0401,P0126,5.0,1,2024-07-25
U0167,P0160,3.0,0,2024-07-28
U0139,P0278,2.5,0,2024-04-08
U0160,P0016,4.5,1,2024-03-23
U0154,P0150,3.0,0,2024-04-26
U0097,P0141,5.0,1,2024-03-27
U0422,P0265,5.0,1,2024-11-11
U0189,P0052,1.5,0,2024-11-27
U0499,P0082,3.5,0,2024-02-13
U0022,P0272,3.5,0,2024-09-02
U0025,P0223,2.0,0,2024-05-17
U0406,P0052,5.0,1,2024-11-29
U0309,P0205,4.0,1,2024-02-24
U0274,P0102,1.5,0,2024-02-11
U0263,P0231,4.0,1,2024-07-29
U0372,P0246,3.5,1,2024-06-10
U0499,P0124,5.0,0,2024-10-25
U0467,P0254,3.5,1,2024-09-01
U0486,P0127,3.5,0,2024-10-18
U0210,P0127,5.0,0,2024-12-28
U0151,P0124,3.0,0,2024-12-11
U0418,P0300,5.0,1,2024-11-23
U0330,P0169,2.5,0,2024-11-12
U0487,P0030,5.0,0,2024-01-05
U0120,P0259,5.0,1,2024-08-20
U0130,P0055,3.0,0,2024-05-07
U0076,P0154,4.0,0,2024-04-22
U0442,P0202,4.5,0,2024-04-27
U0190,P0203,3.0,0,2024-12-08
U0208,P0300,4.0,0,2024-09-01
U0468,P0115,3.0,0,2024-01-17
U0090,P0161,3.5,1,2024-09-07
U0020,P0178,3.0,0,2024-09-24
U0445,P0282,2.5,0,2024-08-30
U0499,P0119,4.5,1,2024-12-13
U0027,P0290,4.5,1,2024-01-14
U0020,P0056,4.5,0,2024-05-01
U0497,P0225,4.5,0,2024-05-20
U0018,P0247,3.0,0,2024-08-29
U0261,P0195,2.5,0,2024-05-28
U0401,P0174,3.0,0,2024-09-14
U0448,P0138,4.5,0,2024-12-27
U0394,P0267,4.5,1,2024-02-13
U0212,P0202,3.5,0,2024-11-28
U0469,P0064,4.0,1,2024-04-30
U0224,P0148,5.0,0,2024-07-25
U0255,P0058,3.0,0,2024-07-13
U0417,P0020,3.0,0,2024-07-04
U0326,P0260,4.5,1,2024-01-14
U0119,P0184,3.5,1,2024-12-18
U0176,P0188,3.5,0,2024-03-23
U0074,P0064,4.0,0,2024-06-28
U0262,P0063,3.5,0,2024-03-17
U0102,P0133,4.5,1,2024-07-15
U0253,P0216,4.5,1,2024-12-22
U0028,P0053,2.5,0,2024-10-10
U0298,P0095,4.0,0,2024-06-04
U0266,P0196,3.0,0,2024-01-05
U0082,P0107,2.5,0,2024-09-25
U0498,P0181,3.0,0,2024-03-20
U0399,P0154,3.5,0,2024-12-07
U0358,P0189,1.5,0,2024-12-14
U0455,P0210,3.0,0,2024-11-24
U0249,P0133,2.0,0,2024-05-04
U0011,P0027,3.5,1,2024-11-07
U0382,P0208,2.0,0,2024-03-01
U0122,P0056,3.5,1,2024-03-12
U0056,P0225,4.5,0,2024-09-10
U0487,P0060,4.5,0,2024-08-18
U0400,P0065,4.0,1,2024-10-23
U0098,P0245,5.0,0,2024-07-14
U0179,P0130,4.0,1,2024-06-11
U0500,P0213,4.0,1,2024-05-16
U0408,P0165,3.5,0,2024-11-03
U0248,P0212,2.5,0,2024-06-03
U0145,P0006,4.0,1,2024-09-19
U0036,P0042,4.5,0,2024-03-08
U0066,P0151,2.0,0,2024-03-08
U0235,P0223,4.0,1,2024-01-09
U0415,P0293,4.5,0,2024-09-27
U0412,P0254,3.0,0,2024-11-03
U0310,P0242,3.5,1,2024-09-02
U0067,P0078,3.5,1,2024-10-08
U0060,P0270,4.0,1,2024-03-12
U0216,P0233,3.0,0,2024-05-14
U0436,P0007,4.0,0,2024-10-30
U0488,P0164,3.0,0,2024-12-15
U0240,P0053,2.5,0,2024-05-12
U0296,P0112,2.0,0,2024-06-15
U0209,P0205,2.0,0,2024-12-24
U0042,P0019,5.0,0,2024-01-06
U0488,P0244,3.5,1,2024-01-13
U0222,P0211,3.5,1,2024-04-13
U0432,P0189,3.5,0,2024-01-28
U0289,P0206,5.0,1,2024-09-22
U0249,P0228,4.5,1,2024-06-07
U0388,P0057,4.0,0,2024-10-23
U0104,P0129,3.0,0,2024-08-07
U0173,P0285,4.0,0,2024-11-27
U0352,P0143,5.0,0,2024-01-27
U0245,P0241,2.5,0,2024-05-13
U0253,P0090,4.0,1,2024-07-25
U0083,P0105,1.0,0,2024-03-14
U0135,P0062,2.0,0,2024-11-18
U0356,P0276,4.5,0,2024-04-09
U0447,P0264,5.0,0,2024-12-08
U0086,P0247,4.5,1,2024-11-17
U0078,P0279,3.5,0,2024-06-17
U0389,P0014,4.0,1,2024-06-02
U0330,P0283,3.5,0,2024-01-05
U0137,P0166,4.0,0,2024-05-22
U0442,P0043,2.5,0,2024-09-09
U0040,P0227,4.5,1,2024-05-23
U0278,P0287,5.0,0,2024-02-19
U0323,P0106,4.0,0,2024-10-04
U0249,P0281,3.0,0,2024-05-04
U0312,P0237,3.5,1,2024-05-09
U0121,P0227,1.5,0,2024-06-10
U0451,P0134,4.0,1,2024-12-23
U0419,P0037,3.5,1,2024-08-11
U0252,P0124,3.5,0,2024-03-28
U0050,P0211,4.0,0,2024-08-26
U0241,P0001,3.5,1,2024-02-24
U0085,P0080,4.0,0,2024-06-12
U0103,P0174,4.5,0,2024-09-07
U0354,P0219,4.0,0,2024-05-28
U0201,P0045,4.0,1,2024-06-30
U0013,P0246,4.5,0,2024-05-22
U0103,P0152,2.0,0,2024-09-28
U0337,P0084,4.5,1,2024-03-06
U0310,P0062,4.0,1,2024-02-29
U0368,P0299,5.0,1,2024-01-14
U0028,P0098,4.0,1,2024-01-12
U0184,P0296,2.5,0,2024-11-30
U0377,P0082,4.0,1,2024-08-07
U0460,P0160,2.0,0,2024-01-24
U0064,P0116,4.5,1,2024-10-09
U0442,P0065,3.0,0,2024-01-07
U0310,P0153,3.0,0,2024-02-12
U0213,P0155,3.0,0,2024-11-17
U0121,P0223,3.5,1,2024-09-28
U0194,P0066,5.0,0,2024-09-29
U0393,P0010,3.5,1,2024-04-20
U0212,P0059,2.5,0,2024-06-02
U0350,P0253,4.0,1,2024-01-31
U0319,P0178,3.5,1,2024-01-18
U0079,P0097,3.5,1,2024-07-17
U0191,P0231,3.0,0,2024-03-23
U0093,P0122,3.5,1,2024-06-06
U0069,P0254,4.0,0,2024-11-30
U0231,P0134,4.0,1,2024-06-26
U0209,P0297,3.5,1,2024-05-15
U0273,P0173,3.5,0,2024-04-06
U0316,P0060,4.5,0,2024-07-01
U0284,P0079,5.0,1,2024-03-29
U0319,P0038,3.0,0,2024-03-18
U0193,P0022,2.0,0,2024-05-24
U0443,P0126,4.5,0,2024-07-30
U0289,P0090,4.5,0,2024-02-01
U0299,P0103,4.5,1,2024-11-27
U0205,P0145,5.0,1,2024-02-15
U0194,P0140,4.0,1,2024-09-05
U0207,P0054,3.5,0,2024-06-03
U0047,P0134,5.0,0,2024-11-12
U0451,P0142,5.0,1,2024-06-26
U0129,P0036,4.0,0,2024-12-26
U0350,P0011,3.0,0,2024-07-26
U0065,P0088,2.0,0,2024-06-26
U0262,P0147,5.0,1,2024-02-15
U0378,P0103,3.5,0,2024-05-11
U0186,P0203,4.5,0,2024-04-30
U0260,P0153,4.0,1,2024-10-12
U0379,P0035,5.0,0,2024-10-05
U0380,P0252,3.0,0,2024-02-18
U0111,P0139,4.5,0,2024-12-12
U0155,P0126,3.5,1,2024-11-11
U0309,P0144,1.0,0,2024-04-16
U0496,P0218,5.0,0,2024-03-04
U0284,P0168,3.0,0,2024-12-20
U0460,P0119,5.0,1,2024-03-26
U0210,P0052,3.0,0,2024-06-30
U0048,P0291,3.5,0,2024-08-12
U0391,P0194,3.5,0,2024-09-17
U0173,P0137,4.0,0,2024-01-31
U0004,P0015,5.0,1,2024-04-05
U0349,P0204,3.0,0,2024-05-05
U0007,P0073,4.0,0,2024-11-14
U0070,P0188,3.5,1,2024-08-09
U0368,P0106,4.5,0,2024-01-22
U0289,P0211,4.5,0,2024-10-11
U0013,P0070,4.0,0,2024-04-01
U0329,P0138,4.5,0,2024-06-16
U0091,P0159,4.5,1,2024-03-28
U0086,P0037,4.0,1,2024-07-16
U0363,P0156,4.5,0,2024-10-13
U0024,P0063,2.5,0,2024-02-25
U0458,P0002,4.0,1,2024-08-16
U0284,P0163,3.5,0,2024-09-20
U0228,P0162,3.5,0,2024-10-11
U0313,P0233,2.0,0,2024-12-14
U0002,P0087,4.5,1,2024-04-23
U0074,P0253,4.5,1,2024-06-07
U0467,P0086,5.0,0,2024-01-28
U0204,P0108,3.5,1,2024-12-08
U0497,P0255,5.0,0,2024-04-15
U0471,P0222,3.0,0,2024-04-30
U0160,P0223,5.0,0,2024-05-12
U0090,P0017,4.0,1,2024-06-04
U0211,P0242,5.0,0,2024-08-26
U0407,P0123,4.0,1,2024-03-10
U0287,P0146,3.5,0,2024-12-28
U0451,P0018,2.0,0,2024-07-31
U0048,P0059,5.0,0,2024-10-02
U0468,P0109,3.5,1,2024-09-01
U0427,P0024,5.0,0,2024-11-14
U0386,P0015,3.5,0,2024-10-24
U0021,P0297,4.5,0,2024-12-30
U0034,P0227,3.5,0,2024-02-24
U0003,P0219,3.5,0,2024-07-29
U0223,P0233,3.0,0,2024-12-25
U0419,P0184,2.5,0,2024-12-02
U0456,P0121,3.0,0,2024-05-18
U0478,P0027,3.0,0,2024-09-29
U0488,P0082,2.5,0,2024-01-26
U0180,P0243,3.0,0,2024-06-26
U0286,P0011,3.5,0,2024-10-11
U0189,P0005,3.0,0,2024-04-17
U0002,P0215,4.0,0,2024-01-30
U0215,P0211,4.5,1,2024-05-04
U0080,P0079,4.5,1,2024-01-09
U0476,P0071,1.0,0,2024-07-06
U0139,P0051,2.5,0,2024-04-22
U0138,P0269,4.0,0,2024-07-06
U0122,P0243,3.5,0,2024-04-17
U0449,P0237,1.5,0,2024-01-27
U0119,P0019,5.0,1,2024-08-17
U0304,P0149,4.0,0,2024-09-05
U0382,P0243,4.0,1,2024-09-25
U0290,P0183,3.0,0,2024-10-26
U0382,P0008,4.0,1,2024-12-13
U0121,P0289,3.0,0,2024-08-21
U0066,P0237,4.0,0,2024-02-07
U0198,P0237,3.5,1,2024-05-08
U0054,P0269,4.0,0,2024-07-01
U0368,P0194,3.5,0,2024-08-05
U0470,P0258,5.0,1,2024-12-18
U0163,P0160,5.0,1,2024-01-20
U0455,P0107,4.5,1,2024-03-24
U0367,P0224,2.0,0,2024-09-30
U0077,P0133,5.0,1,2024-02-21
U0349,P0156,2.0,0,2024-09-29
U0380,P0161,4.5,0,2024-10-15
U0257,P0022,2.0,0,2024-11-08
U0222,P0273,5.0,1,2024-04-12
U0373,P0100,5.0,1,2024-08-03
U0441,P0163,4.5,0,2024-04-05
U0198,P0065,3.0,0,2024-07-21
U0371,P0245,5.0,1,2024-12-23
U0076,P0182,4.5,1,2024-10-26
U0333,P0251,4.5,1,2024-05-15
U0389,P0092,4.5,0,2024-10-03
U0100,P0105,3.5,0,2024-12-16
U0139,P0012,4.0,1,2024-10-23
U0444,P0249,4.5,1,2024-09-15
U0101,P0135,4.0,0,2024-11-26
U0061,P0024,4.5,0,2024-10-23
U0370,P0191,4.5,0,2024-04-04
U0090,P0203,2.0,0,2024-11-04
U0341,P0152,2.5,0,2024-10-28
U0274,P0284,4.0,0,2024-02-15
U0257,P0025,3.0,0,2024-03-02
U0230,P0104,3.5,0,2024-06-10
U0208,P0141,4.0,0,2024-10-05
U0404,P0234,3.5,0,2024-02-06
U0081,P0022,4.5,1,2024-03-03
U0474,P0040,5.0,1,2024-07-05
U0343,P0239,4.5,0,2024-07-17
U0246,P0191,4.0,1,2024-09-28
U0376,P0105,4.0,1,2024-02-05
U0018,P0133,4.0,0,2024-04-18
U0129,P0251,4.0,0,2024-10-30
U0462,P0066,5.0,1,2024-02-27
U0458,P0293,3.0,0,2024-12-18
U0248,P0139,3.5,0,2024-12-07
U0004,P0200,4.5,1,2024-07-29
U0244,P0027,2.0,0,2024-08-13
U0360,P0232,4.5,0,2024-07-23
U0247,P0241,4.5,0,2024-02-04
U0366,P0264,3.5,0,2024-06-15
U0458,P0037,2.5,0,2024-11-05
U0481,P0211,4.0,1,2024-08-27
U0420,P0109,3.0,0,2024-11-28
U0444,P0123,4.0,0,2024-01-05
U0065,P0199,4.5,0,2024-12-14
U0440,P0037,4.0,0,2024-02-07
U0251,P0242,5.0,0,2024-02-18
U0122,P0031,5.0,0,2024-09-08
U0350,P0047,2.5,0,2024-03-19
U0298,P0203,4.0,0,2024-10-21
U0199,P0213,2.5,0,2024-01-12
U0359,P0281,3.5,1,2024-03-15
U0135,P0061,2.5,0,2024-09-11
U0188,P0204,3.0,0,2024-06-10
U0345,P0117,4.5,0,2024-06-28
U0095,P0041,4.0,1,2024-05-18
U0275,P0283,2.5,0,2024-03-29
U0020,P0291,4.5,1,2024-02-07
U0376,P0127,4.0,0,2024-04-20
U0224,P0140,4.5,0,2024-07-04
U0124,P0050,4.5,0,2024-11-09
U0312,P0236,4.5,0,2024-03-12
U0117,P0035,5.0,1,2024-04-10
U0119,P0075,5.0,0,2024-05-23
U0137,P0272,3.5,0,2024-05-06
U0431,P0148,4.5,0,2024-10-22
U0414,P0276,3.5,1,2024-03-01
U0476,P0116,4.5,0,2024-03-01
U0263,P0092,3.5,0,2024-12-27
U0413,P0136,4.0,1,2024-07-22
U0307,P0038,3.0,0,2024-12-11
U0438,P0259,4.5,0,2024-04-16
U0069,P0153,2.0,0,2024-12-15
U0376,P0219,3.0,0,2024-11-10
U0310,P0248,3.0,0,2024-08-17
U0410,P0283,5.0,1,2024-06-05
U0335,P0180,3.0,0,2024-03-26
U0232,P0107,4.0,1,2024-11-16
U0244,P0214,4.5,1,2024-03-13
U0069,P0135,5.0,0,2024-08-16
U0030,P0110,4.0,0,2024-11-07
U0056,P0237,4.0,1,2024-06-06
U0167,P0044,4.5,1,2024-11-14
U0426,P0290,4.5,1,2024-04-07
U0119,P0070,3.5,0,2024-06-11
U0297,P0227,3.5,0,2024-07-30
U0224,P0133,4.5,1,2024-01-14
U0387,P0225,2.5,0,2024-07-17
U0134,P0008,4.5,1,2024-02-20
U0412,P0069,5.0,0,2024-12-30
U0376,P0207,5.0,0,2024-02-09
U0078,P0013,4.5,1,2024-12-12
U0094,P0164,3.0,0,2024-12-06
U0322,P0122,5.0,0,2024-06-14
U0060,P0207,3.0,0,2024-03-28
U0082,P0129,4.0,0,2024-10-30
U0393,P0263,2.5,0,2024-09-04
U0430,P0198,4.0,0,2024-10-30
U0043,P0255,4.5,0,2024-01-11
U0025,P0084,4.0,1,2024-06-28
U0369,P0132,5.0,0,2024-09-03
U0168,P0278,2.5,0,2024-08-30
U0109,P0218,1.5,0,2024-10-25
U0311,P0042,3.0,0,2024-12-04
U0279,P0193,2.5,0,2024-03-29
U0042,P0136,4.0,0,2024-08-19
U0480,P0042,3.5,1,2024-10-20
U0265,P0054,4.0,1,2024-01-06
U0439,P0203,4.0,1,2024-03-03
U0092,P0074,3.5,1,2024-09-20
U0272,P0268,3.0,0,2024-11-12
U0214,P0086,5.0,0,2024-09-10
U0228,P0091,4.5,1,2024-08-02
U0164,P0069,5.0,1,2024-04-06
U0379,P0168,3.0,0,2024-04-30
U0269,P0055,2.5,0,2024-05-15
U0411,P0128,2.5,0,2024-01-14
U0074,P0225,3.5,0,2024-04-04
U0395,P0128,5.0,1,2024-08-01
U0455,P0292,5.0,0,2024-10-31
U0411,P0189,5.0,1,2024-12-08
U0430,P0101,5.0,1,2024-06-26
U0213,P0227,4.5,0,2024-12-07
U0040,P0070,4.0,1,2024-08-21
U0197,P0024,2.5,0,2024-03-07
U0030,P0033,3.5,0,2024-04-30
U0011,P0171,4.0,0,2024-03-12
U0200,P0300,5.0,0,2024-05-24
U0022,P0189,5.0,1,2024-06-09
U0261,P0135,3.5,0,2024-09-21
U0254,P0216,5.0,0,2024-09-12
U0367,P0283,3.5,0,2024-01-04
U0001,P0093,5.0,1,2024-11-20
U0177,P0222,4.0,1,2024-08-30
U0311,P0211,3.5,0,2024-07-23
U0461,P0260,5.0,1,2024-12-02
U0227,P0283,3.5,0,2024-10-23
U0102,P0129,2.5,0,2024-06-15
U0202,P0215,3.0,0,2024-12-10
U0027,P0238,4.5,1,2024-04-08
U0368,P0031,3.5,1,2024-11-05
U0310,P0171,3.5,0,2024-07-08
U0030,P0174,2.0,0,2024-11-13
U0099,P0101,2.0,0,2024-11-16
U0447,P0187,5.0,0,2024-04-24
U0333,P0215,3.0,0,2024-10-12
U0070,P0074,3.5,0,2024-11-21
U0035,P0059,3.5,0,2024-07-25
U0361,P0016,3.0,0,2024-09-26
U0233,P0131,4.0,0,2024-11-04
U0102,P0144,3.5,0,2024-06-10
U0400,P0257,4.0,0,2024-05-26
U0473,P0290,4.5,1,2024-11-09
U0341,P0073,5.0,0,2024-06-18
U0054,P0160,4.5,1,2024-02-27
U0019,P0047,3.0,0,2024-05-18
U0143,P0282,3.5,1,2024-02-25
U0255,P0181,3.0,0,2024-12-25
U0048,P0236,5.0,0,2024-04-11
U0005,P0149,3.5,1,2024-07-29
U0160,P0240,2.0,0,2024-06-29
U0352,P0133,3.5,1,2024-06-17
U0489,P0098,3.0,0,2024-09-24
U0326,P0261,4.5,0,2024-07-28
U0005,P0054,2.0,0,2024-06-28
U0241,P0019,5.0,0,2024-04-24
U0082,P0289,3.5,0,2024-07-09
U0462,P0267,5.0,0,2024-05-20
U0179,P0212,3.0,0,2024-01-20
U0406,P0011,3.0,0,2024-07-13
U0357,P0295,4.5,1,2024-03-29
U0271,P0116,2.0,0,2024-07-14
U0354,P0040,4.0,0,2024-03-02
U0059,P0097,5.0,1,2024-05-17
U0416,P0058,3.5,1,2024-10-18
U0189,P0147,5.0,1,2024-11-01
U0184,P0224,4.0,1,2024-12-12
U0010,P0037,3.5,1,2024-07-21
U0004,P0140,4.5,0,2024-04-16
U0369,P0297,4.5,0,2024-08-02
U0370,P0093,5.0,0,2024-02-02
U0157,P0204,4.0,1,2024-01-27
U0227,P0042,4.0,1,2024-05-13
U0488,P0070,5.0,1,2024-06-14
U0059,P0148,4.5,0,2024-06-26
U0289,P0263,3.0,0,2024-02-05
U0143,P0116,5.0,1,2024-09-28
U0176,P0250,3.0,0,2024-10-26
U0327,P0079,4.5,0,2024-08-11
U0112,P0064,3.0,0,2024-04-08
U0265,P0127,4.0,0,2024-12-24
U0041,P0153,2.0,0,2024-08-19
U0229,P0182,2.0,0,2024-01-14
U0100,P0231,5.0,0,2024-03-12
U0044,P0117,3.5,0,2024-01-02
U0136,P0277,3.0,0,2024-01-07
U0432,P0185,3.5,1,2024-10-17
U0354,P0255,4.0,1,2024-09-23
U0244,P0198,4.0,1,2024-02-02
U0495,P0131,5.0,1,2024-05-06
U0493,P0200,5.0,0,2024-09-12
U0448,P0260,3.5,1,2024-06-12
U0365,P0148,2.0,0,2024-10-27
U0279,P0290,3.0,0,2024-01-10
U0308,P0092,5.0,1,2024-06-25
U0096,P0139,4.0,1,2024-05-17
U0482,P0289,4.0,0,2024-10-17
U0432,P0018,4.0,0,2024-03-19
U0419,P0251,5.0,0,2024-02-24
U0206,P0106,2.0,0,2024-04-17
U0422,P0042,3.5,1,2024-09-24
U0152,P0068,2.0,0,2024-07-15
U0295,P0204,4.0,0,2024-09-15
U0497,P0046,4.5,0,2024-08-05
U0041,P0203,4.0,0,2024-05-28
U0105,P0095,3.5,1,2024-06-19
U0101,P0164,3.5,1,2024-03-13
U0060,P0094,4.5,0,2024-09-01
U0050,P0259,4.5,0,2024-02-03
U0026,P0086,3.5,0,2024-10-01
U0289,P0220,4.0,1,2024-01-21
U0334,P0082,2.5,0,2024-09-13
U0329,P0051,2.5,0,2024-06-14
U0231,P0222,4.0,0,2024-04-28
U0198,P0234,3.0,0,2024-05-07
U0092,P0227,2.5,0,2024-11-13
U0360,P0170,5.0,1,2024-10-22
U0198,P0078,5.0,0,2024-11-13
U0212,P0112,1.0,0,2024-07-16
U0360,P0141,2.5,0,2024-11-15
U0308,P0257,4.5,0,2024-12-05
U0310,P0231,2.0,0,2024-10-17
U0477,P0257,4.0,1,2024-09-24
U0230,P0119,4.0,1,2024-11-01
U0103,P0166,3.5,1,2024-04-02
U0264,P0278,3.5,1,2024-05-03
U0142,P0011,4.0,0,2024-07-25
U0293,P0039,2.5,0,2024-11-11
U0382,P0133,3.5,1,2024-03-18
U0250,P0177,4.0,1,2024-05-15
U0187,P0002,3.0,0,2024-11-14
U0017,P0031,4.0,0,2024-09-29
U0370,P0188,3.0,0,2024-11-01
U0427,P0011,4.5,0,2024-02-20
U0402,P0072,5.0,1,2024-02-28
U0195,P0223,5.0,0,2024-09-21
U0007,P0287,3.5,0,2024-04-17
U0492,P0124,3.5,1,2024-10-06
U0125,P0004,4.5,0,2024-09-20
U0091,P0140,3.5,0,2024-04-27
U0280,P0097,3.0,0,2024-03-12
U0417,P0015,3.0,0,2024-07-28
U0291,P0188,2.0,0,2024-05-30
U0449,P0231,5.0,0,2024-01-09
U0313,P0043,3.0,0,2024-03-18
U0210,P0189,5.0,0,2024-09-08
U0340,P0257,3.5,1,2024-10-08
U0390,P0268,3.5,1,2024-04-01
U0306,P0140,4.0,1,2024-02-25
U0295,P0238,1.0,0,2024-02-17
U0298,P0036,5.0,1,2024-05-21
U0286,P0158,3.5,1,2024-03-13
U0058,P0089,2.5,0,2024-09-29
U0134,P0182,4.0,1,2024-06-08
U0431,P0066,3.5,0,2024-07-21
U0162,P0188,3.0,0,2024-02-12
U0201,P0240,2.5,0,2024-12-28
U0347,P0160,4.0,1,2024-08-09
U0210,P0214,3.0,0,2024-09-22
U0360,P0216,4.0,0,2024-12-14
U0464,P0027,5.0,1,2024-04-07
U0210,P0226,3.0,0,2024-02-21
U0180,P0231,5.0,0,2024-09-17
U0194,P0133,3.5,1,2024-05-25
U0044,P0126,4.5,0,2024-10-21
U0339,P0024,3.0,0,2024-06-10
U0216,P0206,3.5,0,2024-08-15
U0422,P0123,4.5,1,2024-05-16
U0475,P0011,5.0,1,2024-05-11
U0296,P0281,4.0,1,2024-04-04
U0354,P0189,4.0,1,2024-03-04
U0135,P0151,4.5,0,2024-04-29
U0262,P0245,5.0,1,2024-08-01
U0121,P0149,2.0,0,2024-10-02
U0457,P0299,2.5,0,2024-10-19
U0294,P0235,3.0,0,2024-10-27
U0494,P0037,2.0,0,2024-04-30
U0314,P0181,4.0,0,2024-02-07
U0058,P0113,3.5,1,2024-05-25
U0229,P0259,4.5,0,2024-12-26
U0063,P0243,2.5,0,2024-06-26
U0444,P0252,1.5,0,2024-02-11
U0242,P0028,3.0,0,2024-08-07
U0347,P0120,3.0,0,2024-10-06
U0115,P0292,5.0,1,2024-01-15
U0264,P0264,2.0,0,2024-10-17
U0169,P0208,3.0,0,2024-09-09
U0031,P0181,2.0,0,2024-12-08
U0391,P0002,3.5,1,2024-06-27
U0036,P0116,3.0,0,2024-12-16
U0022,P0116,4.0,0,2024-02-14
U0410,P0209,2.0,0,2024-09-06
U0425,P0062,5.0,0,2024-08-22
U0136,P0129,4.5,1,2024-05-20
U0125,P0050,3.0,0,2024-10-18
U0153,P0239,2.5,0,2024-07-14
U0465,P0256,3.0,0,2024-05-20
U0111,P0190,5.0,0,2024-04-01
U0323,P0120,2.5,0,2024-02-06
U0187,P0043,4.0,1,2024-03-18
U0448,P0298,3.0,0,2024-01-02
U0334,P0212,1.5,0,2024-01-08
U0184,P0234,4.5,0,2024-04-14
U0309,P0047,3.0,0,2024-11-08
U0055,P0005,5.0,1,2024-09-16
U0264,P0234,3.5,1,2024-06-06
U0320,P0042,3.5,0,2024-02-13
U0159,P0075,5.0,0,2024-04-06
U0239,P0045,2.0,0,2024-05-31
U0410,P0110,2.5,0,2024-02-13
U0368,P0079,4.0,0,2024-02-21
U0223,P0181,4.0,1,2024-10-02
U0334,P0110,1.5,0,2024-04-04
U0285,P0047,4.5,1,2024-03-19
U0472,P0091,5.0,1,2024-07-15
U0189,P0156,2.5,0,2024-07-20
U0213,P0092,4.5,0,2024-12-07
U0348,P0229,4.0,0,2024-03-23
U0145,P0100,2.0,0,2024-01-14
U0013,P0235,4.5,1,2024-06-20
U0489,P0167,4.0,0,2024-08-14
U0079,P0070,4.0,0,2024-09-07
U0340,P0237,3.5,1,2024-06-24
U0072,P0023,4.0,0,2024-10-20
U0128,P0116,5.0,1,2024-04-25
U0437,P0052,3.5,1,2024-07-18
U0219,P0203,3.5,0,2024-05-22
U0495,P0192,4.0,0,2024-09-02
U0101,P0093,3.0,0,2024-01-31
U0378,P0278,3.5,1,2024-05-06
U0360,P0011,1.0,0,2024-11-28
U0209,P0073,2.5,0,2024-07-28
U0311,P0236,3.0,0,2024-08-20
U0041,P0258,4.0,0,2024-11-09
U0394,P0074,1.5,0,2024-07-29
U0280,P0013,3.5,0,2024-04-30
U0173,P0231,4.0,0,2024-05-25
U0014,P0202,4.0,0,2024-02-22
U0494,P0079,4.5,0,2024-11-30
U0012,P0160,2.5,0,2024-02-05
U0149,P0015,3.5,0,2024-08-28
U0041,P0044,5.0,0,2024-04-04
U0028,P0005,3.5,0,2024-01-27
U0343,P0258,3.5,0,2024-04-04
U0066,P0261,4.5,0,2024-11-15
U0058,P0106,4.0,0,2024-08-13
U0261,P0028,4.5,0,2024-11-11
U0127,P0074,4.5,0,2024-08-15
U0009,P0223,4.0,0,2024-10-26
U0250,P0227,4.0,1,2024-01-01
U0182,P0120,3.0,0,2024-05-25
U0317,P0093,4.5,1,2024-11-27
U0219,P0047,4.5,1,2024-02-14
U0376,P0217,4.5,0,2024-09-01
U0323,P0228,3.5,1,2024-04-07
U0469,P0244,4.5,0,2024-03-05
U0199,P0273,2.5,0,2024-04-30
U0142,P0173,3.0,0,2024-02-26
U0304,P0132,3.5,1,2024-08-30
U0183,P0252,3.0,0,2024-12-19
U0233,P0263,2.5,0,2024-04-04
U0051,P0121,5.0,0,2024-08-13
U0184,P0174,4.0,0,2024-05-12
U0172,P0184,3.5,1,2024-08-10
U0438,P0194,2.5,0,2024-09-21
U0244,P0263,4.5,0,2024-02-05
U0330,P0282,5.0,1,2024-04-12
U0029,P0185,3.5,1,2024-02-17
U0367,P0120,3.5,0,2024-11-14
U0305,P0253,4.0,0,2024-02-08
U0363,P0181,2.5,0,2024-03-16
U0451,P0227,5.0,0,2024-11-14
U0136,P0099,2.5,0,2024-12-23
U0130,P0105,2.5,0,2024-11-02
U0050,P0054,3.5,1,2024-06-20
U0236,P0196,4.0,1,2024-10-08
U0252,P0029,4.0,0,2024-10-28
U0252,P0011,4.5,1,2024-08-26
U0017,P0293,5.0,0,2024-07-04
U0059,P0149,3.5,1,2024-05-13
U0059,P0230,3.0,0,2024-07-03
U0292,P0109,3.5,0,2024-03-23
U0317,P0161,3.5,1,2024-04-29
U0279,P0148,4.0,1,2024-08-09
U0271,P0265,4.5,1,2024-10-06
U0088,P0290,4.0,1,2024-10-24
U0359,P0080,5.0,1,2024-10-04
U0047,P0300,1.5,0,2024-07-12
U0066,P0175,4.0,0,2024-01-26
U0099,P0170,4.5,1,2024-02-13
U0312,P0196,4.0,1,2024-11-10
U0003,P0001,5.0,1,2024-03-10
U0459,P0216,2.5,0,2024-11-25
U0319,P0129,2.5,0,2024-04-08
U0270,P0247,3.0,0,2024-12-05
U0248,P0263,3.0,0,2024-07-11
U0493,P0057,3.0,0,2024-02-29
U0066,P0238,5.0,0,2024-11-02
U0094,P0008,4.5,0,2024-09-10
U0097,P0220,3.0,0,2024-03-15
U0085,P0113,3.5,1,2024-07-25
U0230,P0286,5.0,0,2024-03-01
U0217,P0272,5.0,0,2024-06-05
U0081,P0131,4.5,1,2024-05-04
U0201,P0020,2.5,0,2024-06-28
U0409,P0295,3.0,0,2024-08-28
U0251,P0110,3.5,1,2024-12-04
U0252,P0033,5.0,1,2024-10-20
U0286,P0179,5.0,1,2024-07-29
U0171,P0290,3.5,0,2024-03-02
U0086,P0292,3.5,0,2024-05-24
U0316,P0209,3.0,0,2024-06-30
U0138,P0068,2.0,0,2024-02-28
U0411,P0184,4.0,0,2024-03-19
U0237,P0261,4.5,1,2024-02-08
U0176,P0040,4.0,1,2024-10-01
U0188,P0074,5.0,1,2024-06-20
U0134,P0201,4.5,1,2024-10-21
U0457,P0228,3.0,0,2024-06-04
U0448,P0261,4.5,0,2024-09-10
U0460,P0105,4.0,0,2024-10-27
U0125,P0053,3.0,0,2024-04-19
U0390,P0146,3.5,0,2024-01-14
U0407,P0281,4.5,0,2024-05-06
U0070,P0048,2.5,0,2024-05-28
U0218,P0003,2.0,0,2024-09-16
U0218,P0261,4.5,1,2024-05-15
U0007,P0184,3.5,0,2024-02-27
U0324,P0142,5.0,1,2024-06-07
U0004,P0291,3.5,0,2024-10-30
U0043,P0018,4.5,1,2024-03-16
U0401,P0249,3.5,0,2024-08-15
U0443,P0063,3.0,0,2024-03-23
U0006,P0170,3.5,1,2024-10-04
U0313,P0027,3.5,0,2024-01-04
U0109,P0171,4.0,0,2024-04-24
U0474,P0061,3.5,1,2024-09-09
U0079,P0204,4.5,1,2024-06-17
U0437,P0163,4.5,1,2024-12-06
U0251,P0268,3.0,0,2024-07-25
U0411,P0029,4.5,1,2024-05-29
U0206,P0290,4.5,1,2024-03-05
U0088,P0278,4.5,1,2024-10-05
U0326,P0057,4.5,1,2024-03-30
U0481,P0080,4.0,0,2024-07-02
U0269,P0268,4.5,1,2024-09-25
U0455,P0096,2.5,0,2024-04-02
U0045,P0037,3.0,0,2024-01-06
U0467,P0012,2.5,0,2024-07-10
U0103,P0244,3.5,0,2024-12-14
U0439,P0290,3.5,1,2024-03-03
U0487,P0076,3.0,0,2024-09-08
U0162,P0193,2.5,0,2024-05-11
U0398,P0020,4.5,0,2024-10-15
U0125,P0069,2.5,0,2024-05-25
U0085,P0245,4.5,1,2024-12-10
U0092,P0090,2.5,0,2024-09-09
U0305,P0197,5.0,1,2024-06-06
U0411,P0020,3.5,0,2024-03-17
U0102,P0198,4.5,1,2024-03-19
U0113,P0060,4.0,1,2024-10-16
U0256,P0132,4.5,1,2024-08-02
U0122,P0199,2.5,0,2024-10-14
U0249,P0236,5.0,0,2024-10-20
U0257,P0249,3.0,0,2024-08-09
U0264,P0224,3.0,0,2024-01-18
U0365,P0061,5.0,0,2024-10-05
U0215,P0071,2.0,0,2024-06-08
U0432,P0253,3.5,0,2024-04-15
U0212,P0243,4.0,1,2024-09-05
U0317,P0263,2.5,0,2024-06-04
U0070,P0158,4.5,0,2024-11-17
U0415,P0057,3.0,0,2024-06-09
U0437,P0075,3.0,0,2024-07-11
U0108,P0258,4.5,1,2024-08-17
U0293,P0234,3.0,0,2024-10-22
U0191,P0166,1.5,0,2024-12-05
U0178,P0073,4.5,0,2024-08-09
U0006,P0208,3.5,1,2024-02-28
U0393,P0273,3.0,0,2024-02-15
U0143,P0176,3.0,0,2024-11-23
U0476,P0030,3.0,0,2024-06-01
U0302,P0266,3.5,0,2024-11-11
U0291,P0110,3.5,1,2024-04-07
U0488,P0186,5.0,0,2024-05-08
U0097,P0064,3.0,0,2024-11-21
U0121,P0019,4.0,1,2024-03-01
U0214,P0236,3.5,0,2024-12-22
U0372,P0024,2.5,0,2024-09-07
U0123,P0123,2.0,0,2024-09-08
U0320,P0098,3.5,1,2024-02-29
U0221,P0128,4.0,0,2024-09-25
U0131,P0260,5.0,1,2024-02-11
U0247,P0277,4.5,0,2024-04-30
U0488,P0228,3.0,0,2024-10-15
U0079,P0259,3.0,0,2024-02-26
U0448,P0077,4.0,0,2024-10-01
U0259,P0284,3.5,1,2024-12-14
U0432,P0272,4.0,0,2024-11-20
U0116,P0107,4.0,1,2024-01-10
U0284,P0076,3.5,1,2024-11-07
U0390,P0051,4.5,1,2024-05-07
U0433,P0259,3.0,0,2024-02-27
U0416,P0019,3.0,0,2024-09-25
U0292,P0198,3.5,0,2024-08-20
U0304,P0004,4.0,1,2024-07-21
U0325,P0179,4.5,0,2024-10-23
U0470,P0204,4.5,1,2024-02-28
U0172,P0232,2.0,0,2024-08-22
U0003,P0017,2.0,0,2024-10-17
U0127,P0048,3.5,0,2024-09-09
U0027,P0158,2.0,0,2024-08-01
U0143,P0273,5.0,0,2024-03-07
U0249,P0143,4.5,0,2024-10-18
U0212,P0233,4.5,1,2024-04-13
U0371,P0285,5.0,0,2024-09-05
U0335,P0158,4.0,0,2024-05-23
U0028,P0262,3.5,1,2024-07-12
U0276,P0186,2.5,0,2024-03-15
U0094,P0173,2.5,0,2024-10-21
U0231,P0292,3.5,0,2024-09-28
U0475,P0001,5.0,0,2024-12-24
U0438,P0124,2.0,0,2024-12-07
U0249,P0151,4.0,0,2024-07-05
U0391,P0300,4.0,0,2024-12-21
U0466,P0290,2.5,0,2024-06-17
U0284,P0290,2.0,0,2024-01-09
U0349,P0272,3.0,0,2024-03-11
U0415,P0027,5.0,0,2024-11-30
U0099,P0277,4.0,1,2024-05-28
U0462,P0213,3.0,0,2024-04-03
U0249,P0105,4.5,0,2024-05-15
U0237,P0065,5.0,1,2024-02-07
U0215,P0029,4.0,0,2024-05-20
U0126,P0243,4.0,0,2024-01-30
U0048,P0142,5.0,0,2024-03-14
U0452,P0126,4.5,1,2024-07-17
U0209,P0034,2.0,0,2024-04-12
U0243,P0093,3.0,0,2024-09-04
U0192,P0271,4.5,0,2024-01-01
U0198,P0225,3.0,0,2024-08-09
U0286,P0280,2.5,0,2024-07-07
U0039,P0072,2.0,0,2024-06-24
U0009,P0009,3.5,1,2024-01-15
U0067,P0205,4.5,0,2024-12-21
U0281,P0277,3.0,0,2024-04-12
U0185,P0201,5.0,1,2024-12-30
U0333,P0243,1.0,0,2024-02-28
U0201,P0116,3.0,0,2024-01-31
U0194,P0298,4.0,0,2024-07-26
U0149,P0009,5.0,1,2024-11-06
U0393,P0201,1.0,0,2024-12-15
U0263,P0014,5.0,1,2024-12-02
U0375,P0238,3.5,0,2024-11-23
U0463,P0096,3.5,1,2024-12-30
U0006,P0220,2.5,0,2024-12-24
U0012,P0029,4.0,0,2024-05-27
U0036,P0245,3.0,0,2024-11-03
U0301,P0216,3.5,1,2024-09-06
U0104,P0112,2.0,0,2024-10-09
U0207,P0087,4.5,0,2024-08-17
U0307,P0121,4.0,0,2024-08-14
U0294,P0226,3.0,0,2024-07-10
U0123,P0078,3.5,0,2024-06-12
U0368,P0199,5.0,0,2024-12-05
U0156,P0102,2.5,0,2024-03-07
U0215,P0233,4.5,1,2024-02-28
U0028,P0067,3.0,0,2024-08-29
U0434,P0242,4.0,1,2024-02-06
U0246,P0053,4.5,0,2024-08-13
U0060,P0240,3.5,0,2024-02-27
U0433,P0250,2.5,0,2024-02-09
U0081,P0193,2.5,0,2024-06-14
U0458,P0080,3.0,0,2024-09-14
U0115,P0203,5.0,0,2024-03-17
U0497,P0182,2.0,0,2024-02-07
U0185,P0140,5.0,0,2024-05-06
U0103,P0260,4.5,0,2024-01-27
U0348,P0225,5.0,0,2024-03-30
U0080,P0117,4.5,0,2024-02-27
U0057,P0049,2.5,0,2024-02-25
U0012,P0024,4.5,1,2024-08-06
U0263,P0042,3.5,0,2024-04-01
U0134,P0167,3.0,0,2024-07-24
U0435,P0119,2.0,0,2024-10-09
U0308,P0276,4.0,0,2024-12-22
U0296,P0016,3.0,0,2024-03-12
U0158,P0234,4.0,0,2024-09-17
U0131,P0005,3.0,0,2024-12-15
U0127,P0233,5.0,0,2024-01-10
U0225,P0286,4.5,1,2024-06-07
U0270,P0080,4.0,0,2024-04-04
U0356,P0032,3.5,0,2024-07-27
U0391,P0137,2.5,0,2024-07-05
U0036,P0286,5.0,0,2024-12-28
U0344,P0198,4.0,0,2024-11-13
U0170,P0150,3.0,0,2024-05-20
U0120,P0085,5.0,1,2024-08-29
U0212,P0016,5.0,1,2024-09-14
U0047,P0236,4.0,0,2024-12-13
U0271,P0163,4.0,1,2024-11-21
U0139,P0236,4.0,1,2024-02-03
U0133,P0076,3.5,0,2024-11-02
U0405,P0248,3.0,0,2024-08-13
U0433,P0061,3.0,0,2024-07-26
U0194,P0087,1.0,0,2024-05-19
U0013,P0244,3.5,0,2024-08-07
U0397,P0274,4.0,1,2024-03-08
U0326,P0189,3.5,0,2024-01-03
U0454,P0019,4.5,1,2024-09-22
U0411,P0284,3.0,0,2024-01-04
U0107,P0234,5.0,1,2024-03-31
U0450,P0075,3.5,0,2024-02-20
U0018,P0117,2.0,0,2024-05-03
U0028,P0266,3.5,1,2024-04-28
U0137,P0005,4.5,1,2024-04-05
U0377,P0173,5.0,0,2024-07-27
U0163,P0294,4.0,0,2024-01-06
U0156,P0191,1.5,0,2024-01-27
U0085,P0210,4.5,0,2024-06-20
U0340,P0094,5.0,0,2024-06-10
U0163,P0074,4.0,1,2024-07-22
U0216,P0002,5.0,1,2024-10-27
U0260,P0150,4.5,0,2024-08-04
U0091,P0106,5.0,1,2024-04-03
U0172,P0077,2.5,0,2024-08-19
U0039,P0188,4.0,0,2024-05-14
U0173,P0287,5.0,1,2024-08-29
U0221,P0164,2.0,0,2024-11-23
U0259,P0214,5.0,0,2024-11-27
U0174,P0168,3.0,0,2024-09-14
U0321,P0266,2.5,0,2024-03-03
U0103,P0005,5.0,1,2024-01-27
U0396,P0181,4.0,0,2024-06-13
U0258,P0193,3.0,0,2024-10-25
U0021,P0251,3.5,1,2024-06-26
U0223,P0024,4.5,0,2024-06-02
U0281,P0086,2.0,0,2024-03-15
U0316,P0062,1.5,0,2024-09-11
U0131,P0020,1.0,0,2024-05-10
U0171,P0181,3.0,0,2024-06-09
U0464,P0207,3.5,0,2024-07-15
U0161,P0018,2.5,0,2024-04-20
U0391,P0227,4.0,1,2024-08-08
U0320,P0114,2.5,0,2024-09-21
U0285,P0133,3.5,1,2024-08-01
U0182,P0095,3.5,0,2024-05-01
U0482,P0037,4.0,0,2024-05-28
U0025,P0197,5.0,1,2024-08-06
U0473,P0196,3.5,1,2024-03-30
U0316,P0167,3.0,0,2024-08-12
U0042,P0049,4.5,0,2024-11-16
U0389,P0114,5.0,1,2024-02-08
U0396,P0014,3.5,1,2024-11-30
U0112,P0008,3.0,0,2024-05-18
U0267,P0169,3.5,0,2024-01-17
U0091,P0224,5.0,1,2024-03-03
U0216,P0236,2.5,0,2024-12-23
U0375,P0197,3.5,1,2024-12-15
U0007,P0079,4.0,0,2024-05-09
U0411,P0201,4.0,0,2024-12-03
U0051,P0282,2.5,0,2024-03-28
U0052,P0181,3.0,0,2024-01-09
U0330,P0090,3.0,0,2024-11-22
U0090,P0212,3.0,0,2024-07-25
U0322,P0300,4.0,0,2024-06-17
U0297,P0006,4.0,1,2024-05-17
U0329,P0200,4.0,1,2024-01-04
U0324,P0217,3.0,0,2024-08-18
U0493,P0161,5.0,1,2024-04-19
U0416,P0087,5.0,0,2024-11-26
U0370,P0233,5.0,1,2024-05-22
U0362,P0123,3.5,0,2024-04-10
U0110,P0088,4.5,0,2024-09-18
U0269,P0120,3.0,0,2024-04-29
U0198,P0189,5.0,0,2024-03-02
U0013,P0025,4.5,0,2024-10-16
U0414,P0248,5.0,0,2024-10-23
U0093,P0199,4.0,0,2024-06-27
U0284,P0297,3.0,0,2024-01-23
U0438,P0134,4.0,0,2024-07-13
U0292,P0046,1.5,0,2024-01-27
U0415,P0191,2.5,0,2024-01-09
U0343,P0185,5.0,1,2024-06-09
U0414,P0005,4.0,0,2024-07-23
U0060,P0055,2.5,0,2024-12-16
U0329,P0036,4.5,0,2024-10-09
U0406,P0293,2.0,0,2024-03-26
U0060,P0294,2.0,0,2024-03-24
U0039,P0240,1.5,0,2024-05-06
U0041,P0272,3.0,0,2024-08-26
U0062,P0022,5.0,1,2024-11-23
U0482,P0059,4.5,0,2024-06-24
U0039,P0017,3.0,0,2024-09-05
U0035,P0264,4.0,0,2024-03-14
U0464,P0299,2.0,0,2024-09-30
U0431,P0093,2.0,0,2024-01-02
U0413,P0162,5.0,1,2024-03-23
U0426,P0223,1.0,0,2024-04-19
U0235,P0170,3.0,0,2024-08-04
U0194,P0195,3.5,1,2024-12-21
U0113,P0174,4.0,1,2024-11-20
U0287,P0191,4.0,1,2024-07-30
U0108,P0119,3.0,0,2024-06-29
U0439,P0205,3.5,1,2024-03-14
U0490,P0189,2.5,0,2024-11-01
U0272,P0201,4.0,1,2024-04-27
U0267,P0255,3.5,1,2024-04-14
U0490,P0026,4.0,0,2024-03-16
U0146,P0026,4.0,1,2024-10-10
U0345,P0233,4.0,1,2024-01-02
U0433,P0134,4.5,1,2024-04-01
U0326,P0158,5.0,0,2024-12-16
U0300,P0084,5.0,0,2024-03-03
U0268,P0205,2.5,0,2024-09-25
U0497,P0173,3.5,1,2024-07-26
U0307,P0026,3.0,0,2024-05-13
U0425,P0142,5.0,1,2024-12-08
U0301,P0201,2.5,0,2024-09-19
U0362,P0293,3.5,0,2024-07-25
U0172,P0053,3.5,0,2024-09-27
U0230,P0055,4.5,1,2024-05-17
U0391,P0141,4.0,1,2024-07-15
U0356,P0187,3.0,0,2024-08-12
U0356,P0107,5.0,1,2024-08-15
U0017,P0018,4.5,0,2024-04-24
U0217,P0045,2.5,0,2024-04-29
U0215,P0219,3.5,1,2024-01-11
U0380,P0093,4.5,0,2024-06-21
U0462,P0120,4.5,1,2024-04-07
U0248,P0125,3.5,1,2024-04-23
U0209,P0129,4.5,1,2024-09-22
U0065,P0177,2.5,0,2024-09-22
U0474,P0265,3.0,0,2024-06-26
U0249,P0027,5.0,1,2024-05-06
U0028,P0292,5.0,0,2024-06-27
U0164,P0288,3.5,0,2024-10-23
U0025,P0024,4.0,1,2024-05-08
U0002,P0076,5.0,1,2024-04-02
U0102,P0189,5.0,0,2024-12-13
U0156,P0285,4.5,0,2024-01-18
U0291,P0198,2.5,0,2024-06-10
U0417,P0213,4.5,0,2024-08-03
U0124,P0092,3.5,1,2024-04-17
U0268,P0069,4.0,1,2024-07-05
U0267,P0292,4.5,0,2024-05-24
U0442,P0165,4.0,0,2024-11-14
U0011,P0217,4.5,1,2024-12-03
U0190,P0107,3.0,0,2024-12-03
U0395,P0172,3.5,0,2024-04-09
U0011,P0117,1.5,0,2024-06-24
U0454,P0093,3.0,0,2024-01-02
U0299,P0150,5.0,0,2024-02-14
U0298,P0131,3.0,0,2024-10-06
U0050,P0232,5.0,0,2024-10-03
U0194,P0034,5.0,0,2024-01-26
U0218,P0191,5.0,1,2024-09-06
U0077,P0250,2.0,0,2024-07-26
U0159,P0032,3.5,0,2024-10-14
U0399,P0144,5.0,0,2024-03-12
U0235,P0152,5.0,0,2024-01-10
U0168,P0259,3.0,0,2024-08-27
U0014,P0018,4.5,1,2024-10-23
U0433,P0014,4.5,0,2024-11-26
U0013,P0121,2.0,0,2024-02-14
U0362,P0111,5.0,0,2024-12-24
U0181,P0282,3.5,1,2024-04-25
U0349,P0242,5.0,0,2024-11-21
U0138,P0300,2.5,0,2024-02-25
U0132,P0076,5.0,1,2024-02-15
U0312,P0014,5.0,0,2024-03-02
U0227,P0134,5.0,1,2024-10-20
U0277,P0264,3.5,1,2024-08-21
U0242,P0032,2.5,0,2024-10-08
U0488,P0002,3.0,0,2024-01-01
U0304,P0216,1.5,0,2024-09-18
U0282,P0002,2.5,0,2024-09-21
U0283,P0021,3.5,0,2024-09-10
U0415,P0146,3.0,0,2024-05-13
U0102,P0188,4.0,0,2024-08-10
U0245,P0036,3.0,0,2024-04-25
U0391,P0258,2.5,0,2024-03-19
U0231,P0199,4.5,0,2024-09-26
U0054,P0225,4.5,1,2024-04-04
U0365,P0025,1.5,0,2024-11-13
U0333,P0169,4.5,0,2024-03-17
U0075,P0177,4.0,0,2024-06-27
U0088,P0078,3.5,1,2024-11-06
U0418,P0151,4.5,1,2024-06-06
U0185,P0193,2.0,0,2024-08-19
U0027,P0271,3.0,0,2024-05-29
U0216,P0151,5.0,1,2024-12-03
U0042,P0036,5.0,0,2024-06-21
U0389,P0196,4.5,0,2024-04-24
U0430,P0239,3.5,0,2024-09-09
U0316,P0233,1.5,0,2024-11-28
U0377,P0158,5.0,1,2024-07-07
U0329,P0133,5.0,0,2024-06-03
U0186,P0201,2.5,0,2024-09-22
U0379,P0086,4.5,1,2024-12-14
U0118,P0230,3.5,1,2024-12-20
U0011,P0054,5.0,1,2024-03-31
U0248,P0291,5.0,0,2024-08-15
U0468,P0022,5.0,0,2024-10-24
U0010,P0091,5.0,0,2024-09-15
U0209,P0023,3.5,0,2024-04-17
U0124,P0004,3.5,0,2024-08-07
U0262,P0100,5.0,0,2024-07-20
U0389,P0080,4.5,0,2024-11-10
U0110,P0072,4.0,0,2024-11-23
U0188,P0065,3.0,0,2024-12-15
U0413,P0193,2.0,0,2024-09-15
U0136,P0287,3.0,0,2024-05-29
U0352,P0236,3.5,0,2024-04-14
U0198,P0155,3.5,1,2024-02-08
U0442,P0025,5.0,0,2024-06-22
U0058,P0159,5.0,0,2024-10-07
U0455,P0241,4.0,1,2024-02-17
U0161,P0013,3.0,0,2024-08-04
U0117,P0251,3.0,0,2024-09-03
U0073,P0206,3.0,0,2024-09-23
U0404,P0103,3.5,0,2024-08-14
U0119,P0088,3.5,0,2024-01-28
U0039,P0005,4.5,1,2024-02-26
U0283,P0170,4.0,0,2024-03-25
U0065,P0102,3.0,0,2024-04-09
U0479,P0096,1.5,0,2024-03-12
U0353,P0282,3.0,0,2024-05-06
U0373,P0240,4.0,0,2024-09-08
U0157,P0237,2.5,0,2024-03-15
U0474,P0254,5.0,1,2024-05-17
U0011,P0189,2.5,0,2024-04-03
U0342,P0146,4.0,1,2024-04-24
U0452,P0077,4.0,1,2024-08-08
U0016,P0101,1.0,0,2024-02-14
U0063,P0176,4.0,1,2024-03-06
U0119,P0030,4.0,0,2024-05-24
U0467,P0170,3.0,0,2024-07-21
U0265,P0243,5.0,0,2024-04-04
U0130,P0280,4.5,0,2024-05-10
U0191,P0194,3.5,1,2024-06-25
U0150,P0176,3.0,0,2024-04-13
U0021,P0047,3.5,0,2024-03-24
U0108,P0124,3.5,1,2024-02-27
U0451,P0242,3.5,1,2024-03-06
U0327,P0215,2.5,0,2024-04-17
U0208,P0107,3.5,1,2024-08-26
U0484,P0179,3.5,0,2024-12-29
U0409,P0244,3.0,0,2024-07-19
U0105,P0196,3.0,0,2024-04-12
U0041,P0055,3.0,0,2024-02-25
U0016,P0222,3.5,0,2024-09-14
U0062,P0123,5.0,1,2024-11-07
U0242,P0208,4.0,0,2024-01-01
U0330,P0010,4.5,0,2024-05-06
U0473,P0015,2.5,0,2024-02-15
U0274,P0253,3.5,1,2024-10-23
U0110,P0248,3.5,0,2024-07-04
U0494,P0108,4.0,1,2024-09-17
U0409,P0100,4.5,1,2024-07-06
U0019,P0251,4.5,0,2024-03-26
U0072,P0026,5.0,0,2024-10-21
U0064,P0133,3.0,0,2024-09-28
U0260,P0279,3.0,0,2024-05-07
U0237,P0290,3.5,1,2024-07-06
U0432,P0289,4.0,1,2024-07-23
U0409,P0278,4.0,1,2024-05-01
U0212,P0206,4.0,0,2024-04-22
U0397,P0258,4.0,0,2024-05-19
U0101,P0089,2.0,0,2024-09-02
U0400,P0231,4.5,1,2024-07-13
U0380,P0270,3.0,0,2024-10-04
U0226,P0031,3.0,0,2024-05-26
U0106,P0015,3.5,1,2024-10-29
U0479,P0294,2.0,0,2024-12-08
U0277,P0238,3.5,0,2024-06-16
U0258,P0137,4.5,0,2024-06-09
U0038,P0176,3.0,0,2024-11-19
U0145,P0242,3.0,0,2024-09-24
U0218,P0179,1.0,0,2024-10-15
U0206,P0155,3.0,0,2024-02-16
U0234,P0236,5.0,0,2024-07-12
U0386,P0164,4.0,1,2024-07-26
U0275,P0027,1.0,0,2024-12-16
U0164,P0186,4.0,0,2024-09-12
U0110,P0180,4.0,0,2024-11-26
U0264,P0112,5.0,0,2024-01-22
U0017,P0064,5.0,0,2024-04-25
U0231,P0066,4.5,1,2024-01-08
U0391,P0268,5.0,1,2024-01-10
U0242,P0188,2.0,0,2024-11-09
U0427,P0165,5.0,0,2024-09-10
U0287,P0004,3.5,1,2024-09-06
U0319,P0028,3.0,0,2024-04-17
U0172,P0114,4.0,0,2024-04-15
U0275,P0184,3.5,0,2024-06-09
U0306,P0093,3.0,0,2024-10-04
U0447,P0126,4.0,0,2024-05-11
U0249,P0063,1.5,0,2024-09-20
U0400,P0169,4.0,1,2024-10-18
U0374,P0141,5.0,1,2024-09-01
U0127,P0190,4.0,0,2024-10-22
U0190,P0019,5.0,1,2024-12-05
U0385,P0141,3.5,1,2024-04-09
U0145,P0221,4.5,0,2024-04-26
U0004,P0105,3.5,1,2024-05-09
U0241,P0025,5.0,1,2024-04-08
U0401,P0098,3.0,0,2024-12-06
U0218,P0249,4.5,0,2024-08-09
U0288,P0264,4.5,0,2024-12-14
U0041,P0249,2.5,0,2024-09-23
U0222,P0065,3.5,1,2024-08-30
U0267,P0086,3.5,1,2024-01-10
U0166,P0219,2.5,0,2024-04-03
U0158,P0096,5.0,1,2024-04-02
U0107,P0053,4.5,0,2024-10-05
U0128,P0059,3.5,0,2024-08-15
U0048,P0039,3.5,0,2024-09-02
U0420,P0182,3.5,1,2024-06-29
U0070,P0116,5.0,0,2024-09-03
U0370,P0133,4.5,1,2024-04-14
U0242,P0224,2.0,0,2024-06-29
U0092,P0068,2.0,0,2024-12-29
U0151,P0095,4.5,0,2024-04-11
U0348,P0115,5.0,0,2024-01-08
U0391,P0178,3.5,0,2024-01-27
U0191,P0054,5.0,0,2024-11-30
U0014,P0008,4.5,0,2024-01-07
U0039,P0115,2.0,0,2024-01-31
U0086,P0212,5.0,0,2024-05-01
U0463,P0296,3.5,1,2024-03-30
U0001,P0072,2.5,0,2024-01-01
U0379,P0045,3.5,1,2024-02-11
U0124,P0061,4.5,0,2024-04-16
U0453,P0120,2.5,0,2024-04-07
U0415,P0007,4.0,1,2024-02-01
U0028,P0297,4.0,0,2024-05-09
U0266,P0070,2.5,0,2024-07-26
U0471,P0010,4.5,0,2024-05-26
U0453,P0229,4.5,1,2024-05-06
U0150,P0231,4.0,1,2024-05-28
U0169,P0084,2.5,0,2024-01-24
U0278,P0155,5.0,0,2024-04-12
U0468,P0020,3.0,0,2024-02-16
U0084,P0033,4.0,1,2024-12-26
U0414,P0166,3.0,0,2024-02-06
U0379,P0085,3.5,0,2024-05-01
U0282,P0053,3.5,1,2024-03-25
U0299,P0007,4.5,1,2024-09-07
U0344,P0170,5.0,0,2024-10-16
U0090,P0136,3.0,0,2024-01-24
U0390,P0157,4.0,1,2024-05-04
U0315,P0148,3.0,0,2024-10-02
U0428,P0164,3.5,0,2024-05-23
U0104,P0077,4.5,0,2024-09-16
U0233,P0017,5.0,0,2024-07-20
U0284,P0258,2.0,0,2024-04-13
U0151,P0237,4.5,0,2024-11-29
U0421,P0279,4.0,1,2024-09-13
U0327,P0136,4.0,0,2024-05-06
U0116,P0236,2.5,0,2024-08-01
U0329,P0081,3.0,0,2024-04-20
U0486,P0199,3.0,0,2024-06-26
U0001,P0078,5.0,0,2024-12-08
U0221,P0079,4.5,0,2024-05-10
U0048,P0120,3.5,1,2024-12-18
U0424,P0251,3.0,0,2024-05-31
U0451,P0221,2.5,0,2024-10-02
U0313,P0151,4.5,1,2024-04-14
U0442,P0288,4.0,0,2024-07-01
U0483,P0116,5.0,0,2024-03-05
U0490,P0152,3.5,1,2024-06-10
U0205,P0133,3.0,0,2024-02-20
U0210,P0259,4.0,0,2024-06-26
U0354,P0131,3.5,1,2024-08-31
U0012,P0296,1.0,0,2024-09-13
U0375,P0051,3.0,0,2024-12-30
U0153,P0279,4.0,0,2024-03-21
U0218,P0240,5.0,1,2024-09-11
U0059,P0060,4.5,1,2024-03-18
U0124,P0141,4.5,0,2024-08-21
U0186,P0213,3.0,0,2024-07-16
U0079,P0080,1.5,0,2024-05-14
U0293,P0038,2.5,0,2024-08-19
U0355,P0103,3.5,1,2024-11-11
U0422,P0214,3.5,1,2024-10-14
U0284,P0085,3.5,1,2024-03-20
U0151,P0046,5.0,0,2024-02-04
U0351,P0208,4.5,0,2024-10-19
U0322,P0178,5.0,0,2024-06-28
U0193,P0171,3.5,1,2024-10-27
U0074,P0006,3.0,0,2024-07-17
U0304,P0168,4.0,1,2024-11-03
U0380,P0140,5.0,0,2024-05-12
U0469,P0001,4.0,1,2024-12-24
U0303,P0154,3.0,0,2024-02-06
U0217,P0055,3.0,0,2024-04-18
U0340,P0116,4.0,0,2024-12-03
U0053,P0230,4.5,1,2024-03-19
U0456,P0114,4.0,0,2024-08-17
U0227,P0274,5.0,1,2024-03-20
U0380,P0039,3.0,0,2024-08-20
U0142,P0144,3.5,1,2024-03-22
U0232,P0242,3.5,0,2024-07-20
U0251,P0085,2.0,0,2024-01-22
U0407,P0040,3.5,1,2024-12-18
U0351,P0172,5.0,1,2024-06-02
U0198,P0118,4.5,1,2024-03-15
U0440,P0289,4.0,1,2024-06-25
U0479,P0210,3.5,0,2024-06-07
U0096,P0110,5.0,0,2024-10-14
U0207,P0182,2.5,0,2024-07-13
U0051,P0215,2.0,0,2024-10-25
U0223,P0209,3.0,0,2024-03-15
U0071,P0103,2.0,0,2024-01-30
U0243,P0058,3.5,0,2024-07-14
U0012,P0222,4.0,1,2024-01-10
U0499,P0160,4.0,1,2024-01-16
U0480,P0006,3.0,0,2024-10-24
U0400,P0119,5.0,1,2024-11-03
U0387,P0266,3.0,0,2024-01-11
U0465,P0266,4.5,1,2024-02-04
U0488,P0209,3.5,1,2024-11-06
U0193,P0178,4.0,0,2024-09-18
U0210,P0002,5.0,1,2024-04-05
U0271,P0214,1.0,0,2024-04-17
U0364,P0147,4.5,1,2024-12-13
U0122,P0158,5.0,1,2024-09-05
U0383,P0300,5.0,0,2024-04-18
U0274,P0048,5.0,0,2024-11-11
U0162,P0144,5.0,0,2024-06-18
U0472,P0161,3.5,0,2024-11-02
U0237,P0238,4.0,0,2024-05-29
U0214,P0146,2.5,0,2024-08-06
U0013,P0117,5.0,0,2024-04-28
U0173,P0237,3.0,0,2024-08-16
U0331,P0150,2.5,0,2024-06-08
U0221,P0235,5.0,1,2024-03-03
U0483,P0050,3.0,0,2024-10-12
U0234,P0016,4.5,1,2024-02-20
U0042,P0274,2.0,0,2024-09-15
U0191,P0259,5.0,0,2024-03-10
U0044,P0226,2.0,0,2024-10-29
U0280,P0154,3.5,0,2024-04-24
U0322,P0227,3.0,0,2024-04-15
U0249,P0122,3.5,1,2024-10-21
U0162,P0173,3.5,0,2024-03-16
U0057,P0150,1.5,0,2024-11-02
U0488,P0199,2.0,0,2024-08-29
U0066,P0081,5.0,1,2024-03-03
U0355,P0236,4.0,1,2024-07-09
U0158,P0107,4.5,1,2024-02-20
U0254,P0200,5.0,1,2024-01-20
U0359,P0268,2.0,0,2024-05-09
U0459,P0229,3.0,0,2024-08-18
U0384,P0256,5.0,0,2024-09-02
U0394,P0287,3.5,0,2024-07-04
U0495,P0280,5.0,1,2024-09-21
U0158,P0249,4.5,0,2024-11-26
U0039,P0276,4.5,1,2024-06-18
U0217,P0014,3.0,0,2024-06-17
U0014,P0165,4.5,1,2024-04-20
U0040,P0162,4.0,1,2024-05-25
U0049,P0006,3.5,1,2024-08-07
U0398,P0247,5.0,1,2024-12-24
U0448,P0005,3.0,0,2024-04-01
U0097,P0038,2.0,0,2024-10-24
U0085,P0226,3.5,0,2024-04-07
U0322,P0155,3.0,0,2024-11-14
U0228,P0037,3.5,1,2024-10-05
U0206,P0099,4.5,1,2024-02-06
U0154,P0027,2.5,0,2024-06-27
U0339,P0215,3.5,0,2024-04-15
U0036,P0070,3.0,0,2024-08-18
U0423,P0031,5.0,0,2024-01-30
U0364,P0246,4.5,0,2024-04-20
U0499,P0300,4.5,0,2024-10-21
U0078,P0168,2.0,0,2024-12-08
U0199,P0037,3.0,0,2024-05-02
U0201,P0215,4.0,0,2024-05-29
U0427,P0198,1.0,0,2024-02-05
U0302,P0113,1.5,0,2024-09-10
U0056,P0144,4.5,0,2024-01-28
U0104,P0262,3.0,0,2024-05-04
U0393,P0113,4.0,0,2024-01-19
U0009,P0038,5.0,1,2024-05-13
U0433,P0122,4.0,0,2024-09-18
U0081,P0040,5.0,1,2024-05-26
U0245,P0144,4.0,0,2024-06-21
U0257,P0077,3.5,0,2024-08-13
U0227,P0055,3.0,0,2024-08-06
U0448,P0103,3.5,1,2024-02-17
U0068,P0250,4.5,1,2024-07-23
U0390,P0281,4.0,1,2024-08-18
U0168,P0002,4.5,1,2024-02-23
U0180,P0002,3.5,1,2024-12-02
U0138,P0265,4.5,0,2024-04-11
U0477,P0030,1.5,0,2024-06-20
U0160,P0184,4.0,0,2024-03-21
U0247,P0015,4.0,0,2024-04-08
U0022,P0056,2.0,0,2024-05-28
U0311,P0075,2.5,0,2024-04-21
U0378,P0063,3.5,0,2024-11-22
U0441,P0226,4.0,0,2024-09-16
U0447,P0050,4.0,0,2024-01-25
U0214,P0156,1.5,0,2024-06-09
U0194,P0030,4.5,0,2024-11-06
U0073,P0259,3.0,0,2024-08-15
U0195,P0089,2.5,0,2024-02-20
U0147,P0206,3.5,1,2024-11-29
U0458,P0146,3.5,1,2024-03-22
U0454,P0028,3.5,0,2024-11-13
U0068,P0272,4.0,0,2024-03-29
U0456,P0004,3.0,0,2024-07-25
U0360,P0172,3.5,0,2024-10-11
U0207,P0006,4.0,0,2024-02-21
U0038,P0216,2.0,0,2024-04-23
U0481,P0273,4.5,1,2024-08-26
U0008,P0028,5.0,1,2024-07-24
U0388,P0081,5.0,0,2024-10-26
U0220,P0160,5.0,0,2024-01-13
U0423,P0158,4.0,0,2024-08-24
U0434,P0057,5.0,1,2024-03-29
U0103,P0263,3.5,1,2024-11-13
U0025,P0196,2.5,0,2024-07-10
U0369,P0260,2.0,0,2024-10-27
U0089,P0023,5.0,0,2024-01-22
U0039,P0278,5.0,1,2024-10-11
U0206,P0203,4.5,0,2024-11-28
U0430,P0254,3.0,0,2024-05-28
U0116,P0020,3.5,0,2024-03-02
U0486,P0102,3.5,1,2024-03-25
U0406,P0288,4.0,1,2024-01-20
U0264,P0159,3.0,0,2024-06-08
U0397,P0094,3.5,0,2024-07-04
U0417,P0191,3.0,0,2024-08-21
U0349,P0134,4.5,1,2024-12-09
U0267,P0091,5.0,1,2024-03-01
U0358,P0273,3.0,0,2024-10-21
U0210,P0042,1.5,0,2024-03-28
U0312,P0105,4.0,1,2024-08-21
U0075,P0116,5.0,0,2024-06-12
U0375,P0189,5.0,0,2024-03-01
U0368,P0208,4.0,1,2024-05-13
U0239,P0151,5.0,0,2024-10-17
U0308,P0057,3.0,0,2024-02-11
U0213,P0151,4.0,0,2024-04-27
U0337,P0093,2.0,0,2024-02-03
U0115,P0262,4.5,0,2024-02-14
U0288,P0147,4.5,1,2024-08-22
U0279,P0017,4.0,1,2024-10-09
U0349,P0014,2.5,0,2024-07-13
U0435,P0149,4.5,0,2024-11-10
U0215,P0266,3.5,1,2024-02-24
U0282,P0146,3.5,1,2024-08-11
U0381,P0045,4.5,0,2024-08-21
U0053,P0045,3.0,0,2024-03-12
U0486,P0114,2.5,0,2024-01-22
U0374,P0004,3.5,0,2024-10-06
U0392,P0150,4.0,0,2024-12-20
U0445,P0205,2.0,0,2024-08-25
U0027,P0297,4.0,1,2024-10-22
U0014,P0031,2.5,0,2024-07-09
U0362,P0300,5.0,1,2024-05-19
U0485,P0117,4.0,0,2024-05-31
U0290,P0285,2.0,0,2024-01-17
U0233,P0239,4.0,0,2024-04-02
U0202,P0257,4.0,0,2024-01-31
U0096,P0214,2.5,0,2024-09-01
U0427,P0233,5.0,0,2024-03-15
U0099,P0244,3.0,0,2024-07-13
U0007,P0147,3.0,0,2024-10-24
U0072,P0243,3.5,1,2024-10-06
U0125,P0027,4.5,1,2024-08-23
U0079,P0217,2.5,0,2024-04-15
U0159,P0013,3.5,0,2024-03-20
U0044,P0223,5.0,1,2024-07-26
U0028,P0077,4.5,1,2024-12-22
U0353,P0272,5.0,1,2024-01-14
U0230,P0004,3.0,0,2024-05-31
U0219,P0167,5.0,1,2024-08-06
U0373,P0107,2.0,0,2024-08-14
U0475,P0166,3.5,0,2024-07-03
U0174,P0238,1.5,0,2024-04-15
U0118,P0060,3.5,0,2024-04-28
U0190,P0079,2.5,0,2024-11-17
U0139,P0016,4.0,0,2024-03-21
U0297,P0008,3.5,0,2024-08-31
U0165,P0197,5.0,0,2024-10-08
U0246,P0143,3.0,0,2024-01-15
U0256,P0058,5.0,0,2024-03-20
U0175,P0040,5.0,0,2024-07-02
U0081,P0055,4.0,0,2024-03-29
U0131,P0098,4.5,0,2024-11-29
U0341,P0071,3.0,0,2024-01-18
U0043,P0041,4.0,0,2024-12-30
U0393,P0239,4.0,1,2024-11-13
U0341,P0027,4.0,1,2024-03-13
U0122,P0197,2.5,0,2024-11-14
U0443,P0234,3.0,0,2024-04-15
U0312,P0004,4.5,0,2024-10-23
U0279,P0169,4.5,0,2024-07-03
U0035,P0105,1.0,0,2024-06-24
U0049,P0271,4.0,1,2024-04-30
U0192,P0181,1.0,0,2024-12-17
U0225,P0044,3.5,0,2024-04-08
U0344,P0076,2.5,0,2024-03-23
U0254,P0137,4.0,1,2024-04-30
U0095,P0072,3.5,0,2024-11-02
U0052,P0001,3.5,1,2024-09-28
U0357,P0009,3.5,1,2024-04-28
U0407,P0124,3.5,1,2024-01-23
U0265,P0196,4.0,0,2024-12-04
U0290,P0295,3.5,1,2024-02-12
U0475,P0043,3.5,1,2024-09-27
U0026,P0049,4.0,0,2024-10-12
U0490,P0222,4.0,0,2024-09-21
U0006,P0122,2.0,0,2024-12-22
U0105,P0099,1.5,0,2024-06-26
U0265,P0193,2.5,0,2024-09-18
U0230,P0294,4.0,0,2024-11-16
U0308,P0245,1.5,0,2024-08-12
U0008,P0186,4.5,0,2024-12-14
U0025,P0087,4.0,1,2024-01-28
U0029,P0081,4.0,0,2024-10-25
U0266,P0236,3.0,0,2024-01-13
U0058,P0224,4.0,0,2024-10-04
U0442,P0233,5.0,1,2024-07-23
U0075,P0217,2.5,0,2024-04-11
U0488,P0058,2.5,0,2024-04-25
U0315,P0141,3.5,0,2024-11-26
U0365,P0170,2.0,0,2024-09-23
U0267,P0195,4.0,0,2024-08-08
U0270,P0025,2.5,0,2024-04-15
U0106,P0036,2.5,0,2024-03-15
U0285,P0067,4.0,0,2024-07-30
U0249,P0253,3.5,0,2024-06-29
U0332,P0016,4.0,0,2024-05-26
U0360,P0289,3.0,0,2024-03-17
U0095,P0218,4.0,0,2024-11-08
U0007,P0097,4.5,1,2024-07-21
U0435,P0208,5.0,0,2024-05-25
U0207,P0157,4.0,0,2024-10-01
U0205,P0216,4.0,0,2024-06-10
U0049,P0069,2.5,0,2024-08-21
U0172,P0102,3.5,1,2024-12-06
U0325,P0065,2.5,0,2024-05-25
U0373,P0174,3.5,1,2024-09-25
U0147,P0004,5.0,0,2024-02-05
U0294,P0043,3.5,0,2024-12-11
U0174,P0271,5.0,0,2024-10-22
U0226,P0063,4.5,1,2024-06-14
U0353,P0092,1.5,0,2024-01-08
U0252,P0109,2.5,0,2024-02-19
U0083,P0075,4.0,0,2024-09-11
U0021,P0107,3.5,1,2024-09-07
U0106,P0066,4.5,1,2024-04-12
U0411,P0182,3.5,1,2024-09-18
U0422,P0135,4.0,0,2024-07-08
U0319,P0105,5.0,0,2024-04-01
U0056,P0169,4.0,1,2024-06-14
U0437,P0105,2.0,0,2024-08-06
U0432,P0139,2.0,0,2024-01-28
U0288,P0072,3.5,0,2024-06-02
U0108,P0188,4.0,1,2024-11-16
U0145,P0027,2.5,0,2024-09-18
U0278,P0293,3.0,0,2024-01-23
U0084,P0051,3.5,1,2024-08-08
U0410,P0085,2.5,0,2024-01-04
U0195,P0244,4.0,0,2024-05-06
U0433,P0062,3.0,0,2024-01-24
U0045,P0164,4.5,1,2024-07-18
U0122,P0023,3.5,1,2024-10-11
U0006,P0089,3.5,0,2024-10-10
U0265,P0004,3.0,0,2024-09-16
U0404,P0016,2.5,0,2024-01-03
U0500,P0289,4.5,1,2024-08-22
U0417,P0058,5.0,0,2024-07-14
U0446,P0014,4.0,0,2024-01-09
U0140,P0167,5.0,1,2024-10-18
U0141,P0192,4.0,1,2024-02-12
U0384,P0296,4.5,1,2024-03-12
U0217,P0229,4.0,1,2024-12-15
U0156,P0174,3.0,0,2024-06-17
U0305,P0202,3.5,0,2024-06-03
U0280,P0241,4.0,0,2024-05-08
U0327,P0259,1.5,0,2024-10-18
U0419,P0036,3.5,1,2024-10-05
U0333,P0039,4.5,0,2024-12-07
U0062,P0254,4.0,0,2024-06-18
U0290,P0287,2.5,0,2024-11-02
U0050,P0208,5.0,1,2024-07-31
U0423,P0087,2.5,0,2024-08-13
U0230,P0272,1.5,0,2024-03-18
U0327,P0172,3.0,0,2024-04-04
U0086,P0145,4.0,1,2024-11-09
U0220,P0110,4.0,0,2024-02-12
U0479,P0048,2.0,0,2024-06-20
U0237,P0032,2.5,0,2024-08-11
U0054,P0186,2.5,0,2024-04-19
U0475,P0024,4.5,0,2024-11-20
U0150,P0044,4.0,0,2024-04-12
U0211,P0226,1.5,0,2024-10-27
U0151,P0208,2.5,0,2024-10-29
U0299,P0210,4.0,1,2024-03-18
U0375,P0253,3.0,0,2024-07-25
U0260,P0252,3.0,0,2024-06-22
U0250,P0004,5.0,0,2024-08-26
U0135,P0057,3.5,0,2024-01-01
U0338,P0078,2.5,0,2024-09-04
U0386,P0019,3.0,0,2024-09-11
U0079,P0079,1.5,0,2024-05-02
U0098,P0230,2.5,0,2024-08-26
U0230,P0101,3.5,0,2024-05-22
U0187,P0181,3.5,0,2024-01-15
U0384,P0007,3.5,0,2024-03-30
U0379,P0299,5.0,1,2024-11-22
U0209,P0159,3.5,1,2024-12-15
U0176,P0241,3.5,1,2024-10-10
U0273,P0064,2.5,0,2024-05-26
U0495,P0263,3.0,0,2024-10-25
U0151,P0158,4.5,0,2024-11-06
U0154,P0286,5.0,1,2024-06-21
U0081,P0003,3.5,1,2024-04-04
U0312,P0287,3.5,1,2024-07-08
U0312,P0054,2.0,0,2024-01-08
U0457,P0167,3.0,0,2024-03-21
U0296,P0064,2.0,0,2024-10-20
U0373,P0238,5.0,0,2024-02-28
U0414,P0271,2.5,0,2024-09-27
U0389,P0271,3.0,0,2024-08-01
U0027,P0234,4.5,0,2024-02-29
U0066,P0052,1.5,0,2024-10-17
U0244,P0265,5.0,1,2024-01-29
U0345,P0006,5.0,0,2024-08-20
U0230,P0189,3.0,0,2024-02-21
U0034,P0129,3.0,0,2024-08-30
U0356,P0098,5.0,0,2024-04-10
U0119,P0225,3.5,0,2024-11-07
U0306,P0019,4.5,1,2024-02-13
U0453,P0132,3.5,0,2024-03-10
U0435,P0267,3.0,0,2024-09-12
U0187,P0233,5.0,1,2024-09-28
U0210,P0200,2.5,0,2024-09-18
U0120,P0262,3.0,0,2024-08-17
U0252,P0286,4.5,0,2024-01-28
U0365,P0101,1.5,0,2024-02-27
U0024,P0144,5.0,0,2024-01-21
U0124,P0097,3.5,1,2024-12-03
U0353,P0125,5.0,1,2024-05-12
U0054,P0112,2.5,0,2024-05-10
U0175,P0236,3.5,0,2024-08-11
U0089,P0041,2.5,0,2024-03-22
U0177,P0277,5.0,0,2024-10-09
U0213,P0143,3.0,0,2024-10-14
U0173,P0119,5.0,1,2024-12-24
U0112,P0074,3.5,1,2024-04-11
U0459,P0183,3.5,1,2024-09-30
U0365,P0113,3.0,0,2024-07-02
U0406,P0006,3.0,0,2024-10-05
U0272,P0196,5.0,0,2024-10-18
U0300,P0027,5.0,0,2024-01-17
U0193,P0126,3.5,0,2024-08-01
U0129,P0049,4.5,0,2024-02-26
U0086,P0143,3.5,1,2024-01-12
U0328,P0230,2.5,0,2024-05-01
U0349,P0082,1.5,0,2024-06-27
U0362,P0027,3.0,0,2024-02-09
U0214,P0191,5.0,0,2024-06-14
U0482,P0024,3.5,1,2024-04-24
U0351,P0226,4.0,0,2024-06-09
U0114,P0204,4.0,0,2024-04-02
U0301,P0129,5.0,0,2024-03-24
U0428,P0198,3.5,1,2024-03-07
U0047,P0148,2.0,0,2024-10-10
U0320,P0298,4.5,0,2024-09-26
U0465,P0047,4.0,0,2024-05-04
U0212,P0061,3.5,1,2024-09-29
U0278,P0089,3.0,0,2024-08-01
U0488,P0054,3.5,1,2024-12-30
U0474,P0068,5.0,1,2024-08-15
U0083,P0015,5.0,1,2024-06-29
U0448,P0271,2.0,0,2024-03-21
U0286,P0177,3.5,1,2024-12-07
U0484,P0213,2.5,0,2024-09-20
U0470,P0192,2.5,0,2024-02-08
U0034,P0056,3.5,0,2024-05-12
U0163,P0250,3.0,0,2024-09-13
U0218,P0196,4.0,0,2024-04-13
U0304,P0284,4.0,0,2024-12-08
U0070,P0269,3.0,0,2024-04-15
U0070,P0265,4.5,1,2024-08-23
U0092,P0288,4.0,1,2024-05-31
U0192,P0171,1.5,0,2024-07-15
U0046,P0018,4.5,0,2024-03-30
U0260,P0163,4.5,0,2024-12-27
U0096,P0135,4.0,1,2024-11-13
U0300,P0179,3.0,0,2024-07-13
U0270,P0300,5.0,0,2024-02-22
U0308,P0151,3.0,0,2024-10-27
U0341,P0210,3.5,0,2024-11-20
U0139,P0291,4.5,0,2024-01-01
U0212,P0260,2.0,0,2024-06-23
U0468,P0083,4.0,0,2024-04-13
U0395,P0073,4.0,1,2024-08-13
U0104,P0240,5.0,0,2024-08-09
U0043,P0013,4.5,1,2024-06-12
U0106,P0077,2.5,0,2024-05-04
U0180,P0214,3.0,0,2024-04-06
U0408,P0180,4.5,1,2024-09-16
U0064,P0290,3.5,1,2024-09-07
U0447,P0112,3.5,0,2024-02-13
U0430,P0201,2.0,0,2024-04-13
U0458,P0183,3.5,0,2024-01-28
U0107,P0100,4.0,1,2024-05-25
U0260,P0128,4.5,1,2024-12-14
U0481,P0011,3.5,0,2024-12-25
U0321,P0017,2.5,0,2024-04-22
U0132,P0180,3.0,0,2024-03-01
U0444,P0174,4.5,1,2024-09-28
U0051,P0050,4.0,0,2024-04-09
U0149,P0267,4.0,0,2024-01-21
U0364,P0139,2.5,0,2024-03-21
U0355,P0102,3.5,0,2024-07-17
U0379,P0102,4.0,0,2024-09-21
U0049,P0065,5.0,0,2024-05-17
U0230,P0214,5.0,1,2024-04-14
U0111,P0125,3.5,0,2024-12-08
U0004,P0118,3.5,0,2024-03-13
U0450,P0204,2.0,0,2024-03-08
U0355,P0122,3.5,0,2024-01-22
U0261,P0145,5.0,1,2024-12-19
U0196,P0060,2.5,0,2024-02-25
U0367,P0067,4.0,0,2024-06-15
U0042,P0062,1.5,0,2024-06-03
U0285,P0136,3.5,1,2024-06-04
U0165,P0209,5.0,0,2024-02-27
U0207,P0116,3.5,0,2024-07-05
U0384,P0155,5.0,0,2024-10-06
U0120,P0172,3.0,0,2024-08-03
U0492,P0078,3.5,1,2024-03-10
U0292,P0091,5.0,0,2024-12-28
U0248,P0286,5.0,0,2024-01-27
U0098,P0224,5.0,1,2024-10-16
U0483,P0158,3.5,0,2024-05-28
U0357,P0195,3.5,0,2024-08-25
U0139,P0177,3.5,1,2024-05-28
U0185,P0176,4.5,0,2024-08-07
U0345,P0029,4.5,0,2024-04-05
U0120,P0223,4.0,0,2024-03-21
U0341,P0163,4.0,1,2024-05-13
U0469,P0128,4.5,1,2024-09-12
U0286,P0202,4.5,1,2024-12-11
U0132,P0229,3.0,0,2024-01-27
U0303,P0282,3.5,0,2024-06-02
U0299,P0276,3.0,0,2024-01-01
U0480,P0178,2.5,0,2024-10-08
U0415,P0287,4.0,0,2024-05-23
U0224,P0149,3.5,1,2024-10-05
U0127,P0025,3.0,0,2024-11-14
U0158,P0238,3.5,1,2024-12-26
U0494,P0215,4.0,0,2024-10-29
U0466,P0185,4.0,1,2024-02-04
U0028,P0036,5.0,1,2024-01-23
U0357,P0205,5.0,1,2024-11-05
U0431,P0023,4.5,0,2024-08-30
U0488,P0185,4.0,0,2024-11-02
U0358,P0115,4.0,1,2024-09-14
U0465,P0014,4.0,0,2024-07-28
U0040,P0176,4.5,0,2024-12-01
U0408,P0108,4.5,0,2024-09-21
U0285,P0129,5.0,0,2024-11-13
U0410,P0139,4.0,0,2024-05-06
U0267,P0294,1.5,0,2024-05-31
U0479,P0108,4.0,0,2024-04-11
U0487,P0188,5.0,1,2024-05-31
U0267,P0246,4.5,1,2024-03-14
U0160,P0168,4.0,1,2024-03-04
U0209,P0168,4.0,1,2024-09-13
U0465,P0175,3.0,0,2024-04-20
U0265,P0105,2.5,0,2024-11-13
U0023,P0036,3.5,0,2024-07-30
U0041,P0105,2.5,0,2024-11-03
U0049,P0012,4.0,1,2024-08-28
U0349,P0264,5.0,1,2024-03-18
U0036,P0130,2.5,0,2024-02-24
U0252,P0219,4.0,0,2024-07-22
U0408,P0252,4.0,1,2024-04-06
U0165,P0168,4.0,1,2024-08-19
U0468,P0288,3.5,0,2024-10-11
U0016,P0206,4.0,0,2024-03-24
U0255,P0200,2.5,0,2024-03-06
U0089,P0189,3.5,1,2024-07-19
U0053,P0085,4.5,1,2024-02-11
U0427,P0255,3.5,0,2024-12-02
U0204,P0223,5.0,0,2024-01-06
U0269,P0196,4.0,0,2024-07-19
U0314,P0022,3.5,1,2024-01-05
U0022,P0225,2.5,0,2024-02-06
U0031,P0293,4.5,0,2024-06-10
U0098,P0088,3.0,0,2024-06-28
U0074,P0141,5.0,0,2024-04-13
U0361,P0249,2.5,0,2024-12-16
U0291,P0283,5.0,0,2024-03-03
U0253,P0034,5.0,0,2024-03-19
U0118,P0059,3.0,0,2024-03-29
U0229,P0171,3.5,0,2024-10-18
U0426,P0285,4.0,0,2024-05-01
U0495,P0160,3.5,0,2024-06-08
U0117,P0045,2.5,0,2024-12-03
U0489,P0052,5.0,1,2024-10-11
U0188,P0224,3.5,0,2024-01-26
U0362,P0263,2.0,0,2024-12-05
U0003,P0051,4.0,0,2024-04-21
U0308,P0043,2.0,0,2024-10-30
U0044,P0276,3.5,0,2024-05-17
U0083,P0030,3.5,1,2024-04-18
U0222,P0247,1.0,0,2024-03-21
U0193,P0105,3.5,1,2024-09-22
U0298,P0253,2.0,0,2024-12-26
U0313,P0006,4.5,1,2024-12-16
U0105,P0014,3.5,1,2024-01-26
U0128,P0011,4.5,1,2024-09-28
U0449,P0254,2.5,0,2024-12-20
U0253,P0058,5.0,0,2024-03-20
U0386,P0238,4.0,0,2024-07-02
U0495,P0227,3.5,0,2024-09-29
U0363,P0118,3.0,0,2024-03-27
U0405,P0072,3.0,0,2024-11-28
U0003,P0077,3.5,0,2024-02-27
U0480,P0167,4.0,0,2024-07-22
U0164,P0084,2.5,0,2024-04-29
U0259,P0087,5.0,0,2024-08-19
U0185,P0031,4.0,0,2024-05-14
U0045,P0136,1.5,0,2024-10-19
U0459,P0145,3.0,0,2024-03-08
U0224,P0222,4.0,0,2024-10-18
U0421,P0050,1.5,0,2024-03-12
U0258,P0081,3.0,0,2024-11-08
U0347,P0218,2.0,0,2024-05-06
U0456,P0239,2.5,0,2024-06-24
U0210,P0182,4.0,1,2024-11-04
U0033,P0079,3.0,0,2024-05-30
U0063,P0130,3.5,0,2024-12-03
U0311,P0028,4.5,0,2024-04-21
U0105,P0080,3.0,0,2024-06-03
U0116,P0217,2.5,0,2024-04-19
U0486,P0080,3.5,0,2024-12-29
U0309,P0240,2.5,0,2024-10-23
U0383,P0008,5.0,1,2024-10-14
U0345,P0076,3.0,0,2024-12-17
U0010,P0032,4.5,1,2024-09-16
U0157,P0229,1.5,0,2024-08-16
U0367,P0055,4.0,1,2024-01-29
U0002,P0091,2.5,0,2024-08-20
U0147,P0105,3.0,0,2024-03-04
U0005,P0037,5.0,1,2024-02-05
U0147,P0228,2.5,0,2024-04-22
U0342,P0119,3.5,0,2024-09-15
U0122,P0177,4.5,1,2024-08-03
U0289,P0068,5.0,1,2024-12-10
U0382,P0045,3.0,0,2024-12-08
U0239,P0239,1.0,0,2024-03-09
U0022,P0179,4.0,1,2024-11-25
U0452,P0166,4.5,0,2024-07-06
U0438,P0114,4.5,0,2024-11-18
U0003,P0055,4.0,0,2024-12-13
U0072,P0037,4.5,1,2024-11-05
U0187,P0236,5.0,1,2024-08-12
U0384,P0248,4.0,1,2024-12-07
U0474,P0257,4.0,1,2024-12-08
U0179,P0094,4.0,1,2024-10-13
U0094,P0007,3.5,0,2024-10-22
U0360,P0133,2.0,0,2024-07-07
U0208,P0281,4.5,0,2024-04-20
U0171,P0066,3.0,0,2024-10-30
U0392,P0230,3.5,1,2024-02-28
U0203,P0230,2.5,0,2024-01-20
U0387,P0105,4.0,0,2024-03-18
U0465,P0248,3.5,0,2024-04-02
U0489,P0209,4.0,0,2024-07-01
U0480,P0227,4.5,1,2024-03-06
U0002,P0209,4.0,1,2024-12-04
U0303,P0071,2.5,0,2024-06-14
U0262,P0240,3.5,0,2024-11-17
U0228,P0049,4.0,0,2024-11-26
U0345,P0226,2.5,0,2024-01-30
U0452,P0174,4.0,0,2024-01-02
U0044,P0263,4.5,0,2024-05-07
U0019,P0037,4.0,1,2024-09-23
U0245,P0023,3.0,0,2024-02-25
U0088,P0247,3.5,0,2024-07-19
U0066,P0077,4.5,0,2024-05-13
U0265,P0300,3.5,1,2024-01-31
U0277,P0138,5.0,1,2024-03-19
U0038,P0163,1.5,0,2024-12-23
U0427,P0083,3.5,0,2024-10-04
U0419,P0026,3.5,0,2024-09-10
U0386,P0162,5.0,1,2024-08-23
U0195,P0088,5.0,0,2024-06-14
U0491,P0156,4.5,1,2024-03-13
U0427,P0253,4.0,0,2024-03-22
U0296,P0141,5.0,1,2024-11-10
U0333,P0266,4.0,0,2024-12-27
U0167,P0263,3.5,1,2024-04-27
U0396,P0277,2.5,0,2024-05-11
U0147,P0194,4.0,1,2024-01-26
U0292,P0161,5.0,0,2024-10-07
U0096,P0239,2.0,0,2024-02-20
U0228,P0154,3.0,0,2024-09-29
U0410,P0003,4.5,0,2024-09-02
U0472,P0251,4.0,0,2024-07-20
U0405,P0151,2.0,0,2024-09-15
U0090,P0229,5.0,0,2024-06-18
U0149,P0020,5.0,1,2024-02-15
U0116,P0268,5.0,1,2024-04-25
U0276,P0095,4.0,0,2024-11-16
U0415,P0256,3.5,0,2024-05-26
U0295,P0108,3.5,1,2024-12-05
U0079,P0002,3.5,0,2024-08-16
U0213,P0282,3.5,0,2024-10-11
U0480,P0198,5.0,1,2024-03-14
U0355,P0230,2.5,0,2024-10-01
U0217,P0101,3.0,0,2024-08-19
U0319,P0146,4.5,0,2024-05-29
U0396,P0097,5.0,0,2024-08-12
U0129,P0200,4.5,0,2024-08-08
U0401,P0175,3.5,1,2024-01-14
U0435,P0174,2.5,0,2024-12-10
U0360,P0079,3.5,0,2024-08-30
U0118,P0143,2.5,0,2024-11-18
U0257,P0265,4.5,0,2024-01-14
U0340,P0001,2.5,0,2024-08-05
U0078,P0088,3.5,1,2024-08-24
U0295,P0180,4.0,0,2024-11-29
U0329,P0164,3.5,1,2024-10-27
U0122,P0151,3.0,0,2024-06-17
U0017,P0137,4.0,1,2024-09-13
U0168,P0191,4.0,0,2024-07-08
U0494,P0119,2.0,0,2024-10-08
U0319,P0263,1.0,0,2024-05-20
U0025,P0104,2.5,0,2024-10-21
U0153,P0161,3.5,0,2024-07-25
U0108,P0065,3.5,0,2024-12-18
U0278,P0009,2.5,0,2024-08-24
U0219,P0149,1.5,0,2024-02-07
U0118,P0224,3.0,0,2024-10-05
U0359,P0178,4.0,0,2024-10-28
U0029,P0072,4.0,1,2024-10-27
U0128,P0082,3.0,0,2024-07-30
U0119,P0261,4.0,1,2024-08-30
U0473,P0237,3.5,1,2024-01-04
U0266,P0183,5.0,1,2024-01-20
U0279,P0211,5.0,1,2024-08-19
U0038,P0185,3.5,1,2024-01-25
U0398,P0105,3.5,1,2024-12-09
U0489,P0093,4.0,1,2024-02-28
U0005,P0240,3.5,1,2024-02-01
U0491,P0174,4.0,1,2024-07-05
U0449,P0105,4.5,0,2024-06-16
U0082,P0013,2.5,0,2024-04-28
U0212,P0197,1.5,0,2024-08-05
U0460,P0055,5.0,0,2024-11-25
U0328,P0223,2.0,0,2024-11-17
U0141,P0042,4.5,0,2024-03-06
U0494,P0224,3.5,0,2024-09-02
U0361,P0014,3.5,0,2024-12-25
U0476,P0289,5.0,0,2024-01-04
U0123,P0121,3.0,0,2024-10-06
U0187,P0225,5.0,0,2024-05-17
U0485,P0097,3.5,0,2024-12-07
U0359,P0092,3.0,0,2024-12-01
U0261,P0263,4.0,0,2024-07-31
U0337,P0051,4.5,1,2024-11-16
U0196,P0131,4.0,0,2024-05-28
U0109,P0236,3.5,0,2024-06-28
U0397,P0001,2.5,0,2024-04-30
U0059,P0045,3.5,1,2024-05-19
U0401,P0164,4.0,1,2024-06-27
U0011,P0134,4.5,1,2024-08-13
U0063,P0015,5.0,1,2024-07-08
U0284,P0021,4.0,1,2024-06-24
U0336,P0280,2.0,0,2024-04-20
U0467,P0142,4.5,0,2024-12-25
U0387,P0058,5.0,1,2024-12-09
U0401,P0162,3.0,0,2024-06-04
U0440,P0089,4.0,1,2024-05-17
U0495,P0294,4.0,0,2024-12-16
U0336,P0018,4.5,0,2024-11-14
U0043,P0288,3.0,0,2024-09-15
U0460,P0212,4.0,0,2024-04-25
U0404,P0270,3.5,0,2024-01-12
U0111,P0090,5.0,0,2024-04-21
U0169,P0079,3.0,0,2024-06-23
U0158,P0037,5.0,1,2024-01-09
U0177,P0213,2.5,0,2024-06-05
U0092,P0170,3.0,0,2024-03-24
U0469,P0193,3.0,0,2024-09-18
U0330,P0141,4.5,1,2024-12-04
U0009,P0277,4.5,0,2024-05-12
U0081,P0033,5.0,0,2024-04-15
U0311,P0233,2.5,0,2024-01-14
U0385,P0201,4.5,0,2024-04-28
U0139,P0171,4.0,1,2024-02-19
U0181,P0163,3.5,1,2024-10-01
U0196,P0260,4.5,1,2024-01-19
U0101,P0251,5.0,0,2024-06-19
U0260,P0061,3.5,1,2024-06-17
U0105,P0054,1.5,0,2024-02-25
U0459,P0067,4.0,1,2024-01-24
U0500,P0297,4.0,0,2024-11-08
U0492,P0086,3.5,0,2024-10-16
U0483,P0065,4.5,1,2024-04-29
U0338,P0103,3.0,0,2024-07-22
U0040,P0241,2.0,0,2024-05-14
U0002,P0179,5.0,0,2024-12-05
U0191,P0171,3.0,0,2024-07-17
U0323,P0220,3.0,0,2024-07-17
U0090,P0294,3.0,0,2024-09-10
U0086,P0269,2.5,0,2024-03-01
U0220,P0094,4.0,0,2024-09-04
U0466,P0154,2.5,0,2024-08-27
U0190,P0176,5.0,0,2024-06-23
U0073,P0208,4.5,0,2024-03-08
U0338,P0270,5.0,1,2024-11-26
U0066,P0030,3.0,0,2024-11-19
U0123,P0145,2.0,0,2024-09-18
U0005,P0047,3.5,1,2024-05-04
U0475,P0253,3.0,0,2024-08-04
U0183,P0276,2.0,0,2024-11-18
U0168,P0105,4.5,0,2024-06-20
U0470,P0123,4.5,1,2024-04-29
U0019,P0247,5.0,0,2024-04-17
U0165,P0052,2.5,0,2024-03-24
U0302,P0123,2.5,0,2024-11-08
U0154,P0292,3.5,0,2024-09-10
U0082,P0144,4.5,0,2024-10-12
U0423,P0201,5.0,0,2024-12-10
U0011,P0127,4.0,1,2024-03-18
U0123,P0249,5.0,0,2024-01-17
U0290,P0200,3.5,1,2024-04-23
U0097,P0134,3.5,1,2024-11-23
U0349,P0231,3.5,0,2024-08-22
U0190,P0018,3.0,0,2024-06-22
U0403,P0120,4.0,1,2024-01-27
U0140,P0059,4.0,0,2024-09-23
U0052,P0156,1.5,0,2024-12-11
U0411,P0183,1.5,0,2024-11-22
U0054,P0149,2.0,0,2024-06-10
U0168,P0081,1.5,0,2024-12-16
U0120,P0146,5.0,0,2024-07-13
U0004,P0053,3.0,0,2024-03-29
U0113,P0097,4.0,1,2024-02-20
U0208,P0180,4.0,1,2024-03-21
U0222,P0116,5.0,1,2024-09-17
U0104,P0292,3.5,0,2024-02-26
U0341,P0228,4.5,1,2024-05-10
U0110,P0279,4.0,1,2024-01-21
U0373,P0138,4.0,1,2024-08-02
U0024,P0248,4.5,1,2024-09-22
U0326,P0024,4.0,0,2024-03-08
U0278,P0015,2.0,0,2024-06-06
U0104,P0094,3.0,0,2024-06-22
U0388,P0294,2.5,0,2024-03-04
U0080,P0085,3.0,0,2024-11-24
U0473,P0142,2.5,0,2024-08-14
U0339,P0140,4.5,0,2024-07-24
U0104,P0046,3.5,0,2024-08-09
U0257,P0042,4.0,0,2024-09-22
U0133,P0175,4.5,0,2024-10-10
U0277,P0069,3.5,1,2024-08-15
U0136,P0012,3.5,0,2024-09-01
U0496,P0175,3.5,0,2024-05-02
U0140,P0120,4.0,0,2024-08-28
U0128,P0182,4.5,1,2024-08-21
U0027,P0048,3.0,0,2024-09-27
U0081,P0275,3.5,0,2024-11-06
U0232,P0151,3.0,0,2024-02-29
U0220,P0283,4.5,1,2024-06-15
U0126,P0293,4.0,1,2024-03-12
U0348,P0116,3.5,0,2024-06-01
U0019,P0067,2.5,0,2024-11-11
U0457,P0101,3.0,0,2024-11-27
U0173,P0020,3.0,0,2024-02-03
U0314,P0256,4.5,1,2024-11-18
U0089,P0095,4.0,0,2024-07-21
U0221,P0159,5.0,0,2024-11-07
U0151,P0288,5.0,0,2024-10-15
U0415,P0079,4.0,1,2024-06-26
U0367,P0103,2.5,0,2024-04-27
U0243,P0030,2.5,0,2024-10-07
U0042,P0246,2.0,0,2024-08-11
U0114,P0240,5.0,0,2024-01-07
U0205,P0161,3.5,0,2024-07-30
U0160,P0268,3.5,1,2024-02-21
U0258,P0147,4.0,0,2024-10-14
U0254,P0205,4.0,1,2024-01-21
U0445,P0107,2.0,0,2024-05-07
U0032,P0081,5.0,1,2024-10-25
U0387,P0107,4.5,1,2024-02-14
U0302,P0047,5.0,1,2024-10-26
U0463,P0141,3.5,0,2024-06-19
U0218,P0193,3.5,0,2024-08-03
U0043,P0231,2.5,0,2024-04-19
U0138,P0003,3.0,0,2024-07-30
U0058,P0149,5.0,1,2024-10-08
U0058,P0206,2.0,0,2024-05-27
U0179,P0017,3.0,0,2024-05-18
U0175,P0285,5.0,0,2024-02-07
U0027,P0120,1.5,0,2024-09-09
U0359,P0065,3.0,0,2024-01-03
U0443,P0181,3.5,1,2024-10-29
U0007,P0230,4.0,0,2024-02-12
U0190,P0059,2.5,0,2024-07-08
U0151,P0126,3.0,0,2024-06-04
U0300,P0042,1.0,0,2024-04-05
U0424,P0262,5.0,1,2024-10-21
U0319,P0029,2.5,0,2024-08-15
U0260,P0130,1.0,0,2024-04-14
U0477,P0117,5.0,1,2024-11-02
U0374,P0089,3.0,0,2024-05-09
U0091,P0043,4.0,1,2024-01-23
U0144,P0071,2.5,0,2024-10-14
U0333,P0258,4.5,0,2024-09-20
U0480,P0040,4.0,0,2024-01-07
U0377,P0017,4.0,0,2024-07-05
U0325,P0029,4.5,1,2024-10-08
U0474,P0149,4.0,0,2024-08-14
U0080,P0045,4.0,1,2024-05-13
U0300,P0196,3.5,1,2024-08-15
U0407,P0151,5.0,1,2024-05-13
U0435,P0025,1.5,0,2024-04-11
U0151,P0189,4.5,1,2024-09-03
U0321,P0125,3.5,0,2024-07-04
U0241,P0039,3.0,0,2024-03-03
U0221,P0113,3.0,0,2024-12-12
U0153,P0116,2.0,0,2024-12-27
U0251,P0164,4.5,0,2024-02-05
U0251,P0286,2.5,0,2024-09-27
U0221,P0153,3.5,1,2024-05-25
U0389,P0217,3.5,1,2024-01-18
U0184,P0249,4.0,1,2024-08-21
U0084,P0041,1.0,0,2024-01-17
U0105,P0171,3.5,0,2024-05-13
U0432,P0263,3.5,0,2024-06-06
U0477,P0226,3.5,0,2024-04-15
U0076,P0018,4.5,1,2024-05-15
U0451,P0054,4.0,1,2024-05-17
U0232,P0002,3.5,1,2024-12-22
U0256,P0049,4.0,1,2024-09-16
U0403,P0028,4.0,0,2024-03-15
U0054,P0257,3.5,1,2024-06-30
U0472,P0248,3.0,0,2024-12-14
U0358,P0148,4.0,0,2024-10-14
U0438,P0176,3.0,0,2024-06-25
U0290,P0267,3.5,0,2024-05-26
U0348,P0158,5.0,0,2024-06-08
U0490,P0083,1.0,0,2024-11-07
U0063,P0131,3.0,0,2024-06-06
U0216,P0196,4.5,0,2024-10-24
U0279,P0083,4.5,0,2024-07-25
U0140,P0291,3.5,0,2024-01-02
U0274,P0041,4.5,0,2024-10-20
U0434,P0069,3.5,1,2024-10-18
U0332,P0125,4.5,1,2024-04-13
U0262,P0128,4.0,0,2024-03-09
U0246,P0062,2.5,0,2024-12-28
U0019,P0292,3.0,0,2024-05-25
U0370,P0030,4.5,0,2024-12-03
U0408,P0284,4.0,0,2024-06-13
U0357,P0209,2.0,0,2024-11-14
U0119,P0266,4.5,1,2024-05-08
U0145,P0116,3.0,0,2024-10-25
U0365,P0045,3.5,0,2024-12-16
U0297,P0207,3.5,0,2024-06-09
U0244,P0250,2.0,0,2024-10-06
U0092,P0179,5.0,0,2024-12-28
U0201,P0013,4.0,0,2024-03-25
U0160,P0252,4.5,1,2024-09-28
U0186,P0049,4.0,0,2024-11-02
U0226,P0190,3.0,0,2024-07-01
U0122,P0219,3.0,0,2024-03-19
U0016,P0114,4.5,0,2024-10-03
U0379,P0027,4.0,0,2024-04-18
U0175,P0023,1.0,0,2024-07-30
U0252,P0169,3.0,0,2024-08-21
U0358,P0293,2.0,0,2024-05-14
U0308,P0119,4.0,1,2024-02-26
U0357,P0248,3.0,0,2024-04-29
U0102,P0011,4.0,0,2024-04-06
U0020,P0027,5.0,0,2024-07-07
U0105,P0268,4.0,0,2024-09-28
U0202,P0153,3.5,1,2024-03-13
U0060,P0283,3.5,1,2024-10-15
U0210,P0231,3.5,1,2024-04-14
U0126,P0016,5.0,1,2024-12-16
U0382,P0236,5.0,0,2024-06-27
U0258,P0087,1.0,0,2024-11-10
U0014,P0181,5.0,1,2024-01-24
U0170,P0111,2.5,0,2024-06-06
U0447,P0238,5.0,0,2024-07-28
U0240,P0167,5.0,1,2024-02-09
U0294,P0256,2.5,0,2024-06-22
U0113,P0040,3.5,0,2024-08-27
U0183,P0149,4.0,0,2024-08-20
U0309,P0207,3.0,0,2024-07-15
U0283,P0150,5.0,1,2024-06-14
U0474,P0220,2.5,0,2024-10-05
U0498,P0107,3.5,1,2024-12-02
U0447,P0292,1.5,0,2024-03-18
U0291,P0145,4.0,1,2024-12-24
U0340,P0274,4.0,0,2024-02-19
U0469,P0060,3.5,0,2024-09-14
U0499,P0121,5.0,0,2024-06-26
U0479,P0079,4.0,0,2024-08-14
U0199,P0193,4.0,0,2024-06-27
U0478,P0224,4.0,0,2024-08-03
U0136,P0188,5.0,0,2024-04-20
U0270,P0268,4.0,0,2024-07-21
U0423,P0254,2.5,0,2024-10-18
U0152,P0199,3.5,0,2024-09-26
U0429,P0118,3.5,1,2024-03-24
U0182,P0253,4.5,1,2024-06-30
U0119,P0152,3.5,0,2024-01-06
U0342,P0004,4.5,1,2024-08-01
U0026,P0277,4.5,0,2024-10-15
U0328,P0082,5.0,1,2024-10-04
U0487,P0032,5.0,0,2024-09-12
U0445,P0126,2.5,0,2024-11-17
U0301,P0241,5.0,1,2024-12-01
U0171,P0259,3.5,0,2024-04-11
U0450,P0206,4.0,0,2024-08-22
U0487,P0227,2.0,0,2024-12-19
U0341,P0079,3.5,1,2024-07-21
U0489,P0029,5.0,0,2024-03-22
U0277,P0280,1.5,0,2024-05-10
U0086,P0139,5.0,1,2024-11-27
U0191,P0143,4.0,0,2024-08-14
U0397,P0265,4.0,0,2024-08-19
U0259,P0116,4.0,0,2024-06-15
U0306,P0297,3.5,1,2024-07-01
U0070,P0031,4.0,0,2024-12-08
U0006,P0029,5.0,0,2024-06-14
U0260,P0050,2.5,0,2024-06-16
U0084,P0042,3.0,0,2024-09-24
U0038,P0242,3.0,0,2024-12-20
U0103,P0081,3.0,0,2024-10-19
U0381,P0270,4.0,1,2024-04-24
U0026,P0073,4.5,1,2024-01-30
U0421,P0034,4.5,0,2024-05-21
U0438,P0027,5.0,0,2024-08-06
U0290,P0049,3.5,1,2024-12-24
U0007,P0261,2.0,0,2024-01-23
U0377,P0182,4.5,0,2024-03-01
U0267,P0283,3.5,1,2024-02-10
U0119,P0163,4.5,1,2024-10-10
U0107,P0285,3.5,0,2024-09-24
U0484,P0157,5.0,0,2024-09-08
U0080,P0157,3.5,0,2024-11-23
U0002,P0052,4.5,1,2024-09-08
U0488,P0150,4.0,1,2024-05-16
U0398,P0113,3.5,0,2024-07-13
U0206,P0107,4.0,1,2024-01-16
U0165,P0233,4.0,0,2024-07-18
U0472,P0213,3.5,1,2024-02-02
U0458,P0029,3.5,0,2024-08-07
U0394,P0198,4.0,1,2024-11-15
U0035,P0248,4.0,1,2024-04-01
U0224,P0067,4.0,0,2024-10-26
U0297,P0246,3.0,0,2024-01-03
U0266,P0253,1.0,0,2024-07-17
U0292,P0266,5.0,0,2024-12-23
U0144,P0208,4.0,0,2024-12-18
U0153,P0237,3.0,0,2024-11-30
U0056,P0090,3.5,0,2024-03-20
U0288,P0169,3.0,0,2024-03-19
U0071,P0236,2.5,0,2024-04-26
U0104,P0011,2.0,0,2024-02-20
U0007,P0137,2.5,0,2024-11-25
U0485,P0055,3.0,0,2024-08-08
U0092,P0233,5.0,0,2024-08-30
U0274,P0021,4.5,0,2024-07-19
U0154,P0073,4.0,0,2024-01-26
U0317,P0184,3.0,0,2024-11-01
U0381,P0225,5.0,1,2024-03-09
U0352,P0281,4.0,0,2024-06-12
U0370,P0262,4.0,1,2024-12-11
U0465,P0067,3.0,0,2024-08-06
U0185,P0162,4.0,0,2024-10-07
U0399,P0225,3.5,0,2024-02-07
U0350,P0137,2.5,0,2024-11-06
U0467,P0151,4.5,0,2024-04-20
U0387,P0038,2.5,0,2024-07-16
U0305,P0182,3.5,1,2024-10-06
U0149,P0148,4.5,1,2024-11-18
U0118,P0021,5.0,0,2024-02-24
U0229,P0159,4.5,1,2024-12-29
U0385,P0216,3.0,0,2024-09-29
U0096,P0286,4.5,1,2024-12-19
U0476,P0176,4.0,0,2024-03-26
U0161,P0084,5.0,0,2024-05-19
U0458,P0050,4.0,1,2024-01-03
U0216,P0191,4.0,0,2024-03-01
U0185,P0065,5.0,0,2024-08-22
U0411,P0089,4.0,0,2024-02-01
U0198,P0181,5.0,0,2024-12-01
U0345,P0244,5.0,1,2024-04-16
U0251,P0148,3.5,1,2024-03-19
U0229,P0197,3.0,0,2024-08-04
U0478,P0196,3.0,0,2024-04-25
U0196,P0261,5.0,0,2024-11-09
U0363,P0187,4.5,1,2024-08-06
U0052,P0237,3.0,0,2024-06-08
U0240,P0047,5.0,0,2024-06-12
U0470,P0148,4.0,0,2024-09-03
U0370,P0200,4.0,1,2024-03-21
U0123,P0166,5.0,1,2024-04-21
U0023,P0202,2.5,0,2024-04-15
U0094,P0052,3.5,0,2024-02-04
U0202,P0255,5.0,0,2024-12-11
U0349,P0190,5.0,1,2024-04-20
U0454,P0162,4.0,1,2024-05-27
U0025,P0215,4.5,0,2024-02-26
U0058,P0223,2.0,0,2024-08-21
U0498,P0255,4.0,1,2024-12-26
U0177,P0133,4.5,1,2024-09-07
U0441,P0040,3.0,0,2024-12-06
U0408,P0196,2.5,0,2024-03-12
U0182,P0182,4.0,1,2024-03-11
U0219,P0165,3.5,1,2024-07-02
U0391,P0054,4.0,1,2024-10-10
U0154,P0280,5.0,0,2024-05-27
U0398,P0078,3.5,0,2024-01-19
U0271,P0097,2.5,0,2024-06-28
U0427,P0144,5.0,1,2024-01-05
U0463,P0056,4.0,0,2024-07-03
U0188,P0202,3.0,0,2024-09-07
U0121,P0284,3.5,0,2024-10-01
U0138,P0048,3.5,0,2024-09-07
U0030,P0003,5.0,0,2024-01-11
U0411,P0246,4.0,0,2024-02-08
U0468,P0001,4.5,1,2024-04-24
U0395,P0118,3.5,1,2024-10-29
U0455,P0289,4.5,1,2024-05-19
U0119,P0275,3.5,0,2024-06-11
U0280,P0233,3.0,0,2024-08-20
U0228,P0247,4.5,1,2024-12-02
U0311,P0021,2.5,0,2024-03-02
U0343,P0142,2.5,0,2024-06-14
U0400,P0250,5.0,0,2024-05-20
U0347,P0098,3.5,0,2024-12-29
U0250,P0056,4.0,1,2024-11-29
U0377,P0288,5.0,0,2024-11-04
U0407,P0042,4.0,1,2024-03-18
U0435,P0275,5.0,0,2024-10-20
U0348,P0276,3.5,0,2024-09-14
U0451,P0042,2.5,0,2024-07-31
U0296,P0003,2.5,0,2024-02-24
U0209,P0279,4.0,0,2024-08-22
U0114,P0228,4.0,0,2024-02-22
U0296,P0218,4.0,1,2024-07-24
U0341,P0076,5.0,0,2024-05-08
U0178,P0022,2.5,0,2024-08-14
U0482,P0009,5.0,1,2024-06-18
U0213,P0016,3.5,1,2024-01-08
U0370,P0193,3.5,0,2024-03-18
U0005,P0107,5.0,1,2024-06-21
U0412,P0054,5.0,0,2024-11-15
U0321,P0194,2.5,0,2024-04-01
U0274,P0212,5.0,1,2024-06-23
U0203,P0088,2.5,0,2024-11-23
U0172,P0220,4.0,0,2024-07-13
U0246,P0075,3.5,0,2024-09-12
U0047,P0016,4.5,1,2024-02-14
U0155,P0082,4.0,1,2024-06-22
U0297,P0182,4.0,0,2024-10-14
U0049,P0187,5.0,0,2024-07-01
U0162,P0018,4.0,0,2024-02-28
U0166,P0068,3.0,0,2024-02-16
U0390,P0182,3.5,0,2024-03-10
U0060,P0106,2.0,0,2024-01-07
U0452,P0156,5.0,1,2024-10-24
U0346,P0300,4.0,1,2024-08-19
U0178,P0208,4.0,1,2024-09-07
U0061,P0206,3.0,0,2024-11-08
U0479,P0018,3.5,0,2024-04-15
U0339,P0202,4.0,1,2024-09-22
U0251,P0188,4.5,0,2024-09-09
U0487,P0289,3.0,0,2024-10-19
U0217,P0003,4.5,1,2024-11-15
U0016,P0122,4.0,0,2024-12-28
U0151,P0261,4.5,0,2024-05-15
U0346,P0199,3.5,0,2024-04-12
U0036,P0024,5.0,0,2024-11-16
U0178,P0163,5.0,0,2024-01-21
U0088,P0256,4.5,0,2024-06-26
U0129,P0213,5.0,1,2024-12-14
U0438,P0122,4.5,1,2024-10-03
U0018,P0047,2.0,0,2024-04-03
U0419,P0108,3.0,0,2024-09-10
U0442,P0052,4.5,0,2024-09-21
U0204,P0080,2.0,0,2024-07-28
U0481,P0070,2.5,0,2024-12-21
U0131,P0090,4.0,0,2024-08-25
U0175,P0061,3.5,1,2024-09-19
U0414,P0296,3.0,0,2024-01-05
U0326,P0199,3.5,1,2024-11-30
U0115,P0036,5.0,0,2024-04-29
U0161,P0201,4.5,0,2024-07-04
U0461,P0063,4.5,1,2024-05-16
U0202,P0084,3.5,1,2024-12-06
U0323,P0060,1.5,0,2024-07-02
U0326,P0069,3.5,1,2024-11-25
U0215,P0176,3.5,0,2024-11-15
U0005,P0203,4.5,1,2024-10-10
U0321,P0042,3.0,0,2024-09-28
U0141,P0240,3.0,0,2024-10-25
U0411,P0008,4.0,0,2024-07-04
U0276,P0249,5.0,0,2024-05-13
U0262,P0206,3.0,0,2024-05-20
U0474,P0005,3.5,0,2024-01-27
U0303,P0171,4.0,0,2024-07-11
U0224,P0085,3.5,0,2024-09-20
U0403,P0227,2.0,0,2024-11-17
U0012,P0190,2.5,0,2024-10-03
U0293,P0010,5.0,1,2024-12-05
U0318,P0175,2.5,0,2024-07-24
U0020,P0141,3.5,1,2024-06-24
U0061,P0004,4.0,0,2024-06-12
U0388,P0012,4.0,0,2024-01-13
U0234,P0194,3.5,0,2024-12-25
U0198,P0077,3.5,0,2024-04-12
U0208,P0121,3.0,0,2024-05-30
U0262,P0256,4.5,0,2024-05-16
U0240,P0176,3.0,0,2024-11-10
U0372,P0159,3.5,0,2024-12-16
U0039,P0121,3.5,0,2024-02-14
U0278,P0147,5.0,0,2024-12-21
U0068,P0269,3.5,0,2024-01-16
U0268,P0287,5.0,0,2024-01-21
U0092,P0175,4.0,1,2024-11-09
U0145,P0087,5.0,0,2024-04-21
U0376,P0255,2.0,0,2024-12-13
U0322,P0154,4.5,1,2024-11-25
U0409,P0246,3.5,1,2024-09-07
U0224,P0289,3.5,1,2024-06-09
U0248,P0188,3.0,0,2024-01-19
U0244,P0123,4.0,0,2024-03-14
U0245,P0047,5.0,0,2024-10-30
U0274,P0163,2.0,0,2024-02-21
U0057,P0093,4.0,0,2024-01-20
U0247,P0216,5.0,0,2024-02-18
U0364,P0112,4.0,0,2024-04-17
U0284,P0054,1.5,0,2024-01-30
U0246,P0170,2.5,0,2024-12-08
U0214,P0234,2.0,0,2024-05-13
U0206,P0095,4.5,1,2024-11-19
U0122,P0231,5.0,0,2024-05-01
U0499,P0272,4.5,0,2024-06-14
U0417,P0067,4.5,1,2024-01-05
U0462,P0039,5.0,0,2024-06-24
U0322,P0134,5.0,0,2024-06-16
U0030,P0068,5.0,0,2024-07-04
U0085,P0090,4.0,0,2024-03-16
U0069,P0131,4.0,0,2024-03-28
U0141,P0124,3.0,0,2024-06-23
U0463,P0270,3.0,0,2024-08-10
U0221,P0075,4.0,0,2024-11-09
U0090,P0296,4.0,0,2024-05-08
U0401,P0144,3.0,0,2024-03-06
U0052,P0158,5.0,1,2024-05-15
U0075,P0029,3.5,1,2024-06-15
U0205,P0132,4.0,1,2024-12-25
U0030,P0083,3.5,0,2024-12-30
U0144,P0021,4.5,0,2024-10-21
U0360,P0136,2.0,0,2024-03-22
U0063,P0099,4.5,0,2024-06-02
U0242,P0232,3.0,0,2024-11-19
U0246,P0130,2.5,0,2024-12-15
U0049,P0138,4.0,0,2024-02-27
U0306,P0067,2.5,0,2024-09-05
U0138,P0275,4.0,0,2024-07-10
U0187,P0029,3.5,0,2024-04-03
U0487,P0075,5.0,0,2024-11-30
U0463,P0003,2.5,0,2024-03-09
U0021,P0292,5.0,1,2024-07-24
U0197,P0108,3.5,0,2024-06-30
U0208,P0194,3.5,1,2024-03-17
U0378,P0126,5.0,0,2024-04-16
U0139,P0111,5.0,0,2024-04-15
U0159,P0012,3.5,1,2024-12-11
U0217,P0079,2.5,0,2024-04-02
U0238,P0195,4.0,0,2024-12-09
U0377,P0029,3.5,0,2024-10-22
U0066,P0190,4.0,1,2024-12-22
U0067,P0100,3.5,1,2024-05-20
U0258,P0117,3.0,0,2024-06-01
U0203,P0028,3.5,0,2024-02-25
U0112,P0155,1.0,0,2024-11-28
U0265,P0151,4.0,1,2024-10-15
U0079,P0196,2.0,0,2024-08-24
U0070,P0058,2.0,0,2024-08-09
U0144,P0209,3.0,0,2024-05-30
U0173,P0260,3.0,0,2024-04-18
U0394,P0241,5.0,1,2024-10-28
U0328,P0229,5.0,0,2024-03-25
U0022,P0215,3.5,1,2024-05-21
U0004,P0167,5.0,0,2024-04-30
U0365,P0072,1.5,0,2024-09-02
U0246,P0073,3.5,1,2024-02-08
U0056,P0158,3.0,0,2024-06-20
U0302,P0189,3.0,0,2024-09-17
U0485,P0037,3.0,0,2024-08-22
U0265,P0099,3.5,1,2024-07-16
U0105,P0119,3.5,0,2024-08-22
U0211,P0086,3.0,0,2024-06-01
U0023,P0189,3.5,0,2024-04-18
U0401,P0198,2.5,0,2024-06-28
U0032,P0076,3.5,0,2024-02-09
U0104,P0161,4.5,0,2024-05-20
U0161,P0219,4.0,0,2024-02-14
U0187,P0087,3.5,0,2024-03-23
U0104,P0162,3.5,0,2024-08-29
U0476,P0144,4.5,0,2024-10-26
U0290,P0297,3.5,1,2024-08-04
U0214,P0038,1.5,0,2024-03-01
U0095,P0036,3.0,0,2024-02-15
U0065,P0105,5.0,1,2024-05-30
U0148,P0270,4.0,1,2024-03-20
U0407,P0199,4.0,0,2024-04-15
U0253,P0161,3.5,0,2024-08-26
U0457,P0219,2.5,0,2024-07-30
U0189,P0261,4.5,1,2024-05-22
U0285,P0065,4.0,0,2024-02-29
U0010,P0090,1.5,0,2024-02-06
U0466,P0264,4.0,1,2024-02-15
U0002,P0051,3.0,0,2024-04-27
U0272,P0152,3.5,0,2024-08-16
U0103,P0240,3.5,1,2024-04-10
U0301,P0176,3.5,1,2024-08-03
U0174,P0138,3.5,0,2024-02-26
U0247,P0037,4.0,1,2024-04-29
U0060,P0234,3.0,0,2024-06-10
U0215,P0218,3.5,0,2024-10-08
U0461,P0126,4.5,0,2024-06-12
U0297,P0233,3.5,0,2024-07-22
U0413,P0039,4.0,1,2024-11-26
U0471,P0274,4.0,1,2024-12-10
U0181,P0204,3.5,0,2024-09-12
U0247,P0019,3.0,0,2024-04-05
U0045,P0247,4.5,1,2024-10-02
U0418,P0056,3.0,0,2024-06-08
U0322,P0116,4.5,1,2024-03-23
U0500,P0009,4.0,1,2024-12-13
U0189,P0046,3.5,0,2024-12-23
U0028,P0039,4.5,1,2024-09-04
U0442,P0008,5.0,1,2024-09-15
U0245,P0078,2.5,0,2024-04-27
U0077,P0146,3.0,0,2024-09-25
U0381,P0173,4.5,0,2024-09-04
U0129,P0091,3.0,0,2024-12-13
U0066,P0218,5.0,0,2024-01-31
U0357,P0285,3.5,0,2024-03-16
U0188,P0137,3.0,0,2024-09-18
U0425,P0270,3.5,0,2024-01-23
U0387,P0120,4.5,1,2024-01-30
U0377,P0263,3.5,1,2024-06-29
U0112,P0201,3.0,0,2024-08-25
U0132,P0230,4.0,1,2024-12-15
U0323,P0117,4.0,1,2024-06-04
U0443,P0286,5.0,0,2024-01-12
U0288,P0044,3.5,0,2024-02-15
U0175,P0063,3.0,0,2024-08-28
U0331,P0269,1.5,0,2024-05-01
U0146,P0133,1.5,0,2024-12-05
U0252,P0059,3.0,0,2024-12-05
U0105,P0088,3.5,0,2024-11-05
U0222,P0214,3.0,0,2024-05-17
U0250,P0269,2.0,0,2024-06-21
U0313,P0186,3.0,0,2024-12-21
U0496,P0123,4.5,1,2024-05-06
U0068,P0160,5.0,0,2024-11-15
U0264,P0261,4.5,0,2024-08-15
U0153,P0204,4.0,0,2024-08-11
U0492,P0161,5.0,0,2024-07-10
U0227,P0015,2.5,0,2024-04-10
U0408,P0071,3.0,0,2024-07-02
U0331,P0223,4.5,1,2024-11-06
U0396,P0113,3.5,1,2024-01-15
U0383,P0157,3.0,0,2024-06-02
U0045,P0081,3.5,0,2024-06-05
U0432,P0040,5.0,1,2024-12-08
U0105,P0032,4.0,0,2024-04-06
U0378,P0098,4.0,1,2024-04-16
U0489,P0022,3.0,0,2024-03-24
U0089,P0148,4.0,1,2024-10-22
U0370,P0247,4.5,1,2024-04-02
U0292,P0295,4.0,1,2024-03-27
U0211,P0119,3.5,0,2024-12-24
U0153,P0075,4.5,1,2024-12-27
U0412,P0242,4.0,0,2024-03-20
U0075,P0154,3.0,0,2024-03-14
U0379,P0117,3.5,0,2024-06-15
U0116,P0127,3.5,0,2024-11-06
U0368,P0236,4.0,0,2024-03-03
U0454,P0261,2.5,0,2024-04-02
U0429,P0272,5.0,0,2024-10-10
U0037,P0266,4.0,0,2024-03-10
U0396,P0021,4.5,0,2024-10-13
U0259,P0212,4.0,0,2024-01-29
U0454,P0087,2.0,0,2024-09-07
U0433,P0059,2.5,0,2024-07-24
U0459,P0013,3.0,0,2024-12-05
U0365,P0264,3.0,0,2024-08-30
U0037,P0267,5.0,0,2024-03-02
U0313,P0202,3.0,0,2024-11-16
U0095,P0197,3.0,0,2024-09-16
U0475,P0131,3.5,1,2024-05-23
U0186,P0033,4.0,1,2024-11-12
U0364,P0235,2.5,0,2024-12-30
U0420,P0220,4.0,0,2024-11-23
U0135,P0050,4.0,1,2024-02-28
U0424,P0295,5.0,0,2024-01-29
U0476,P0191,4.0,0,2024-02-07
U0207,P0193,4.5,1,2024-11-10
U0400,P0141,5.0,1,2024-02-03
U0282,P0178,4.5,0,2024-01-08
U0321,P0087,4.5,0,2024-10-13
U0489,P0264,3.5,0,2024-08-28
U0080,P0235,3.0,0,2024-09-16
U0310,P0220,3.5,0,2024-05-25
U0175,P0276,5.0,1,2024-07-04
U0140,P0058,4.0,0,2024-12-09
U0499,P0239,4.0,1,2024-11-06
U0369,P0232,4.0,1,2024-03-07
U0222,P0022,4.0,1,2024-04-19
U0395,P0230,3.0,0,2024-05-13
U0030,P0086,1.5,0,2024-05-15
U0140,P0031,4.5,0,2024-10-01
U0412,P0190,5.0,0,2024-01-01
U0361,P0185,4.5,1,2024-04-05
U0355,P0036,2.5,0,2024-04-14
U0199,P0074,4.0,0,2024-12-26
U0441,P0224,5.0,1,2024-01-25
U0303,P0002,4.5,1,2024-07-13
U0128,P0084,4.0,1,2024-05-29
U0365,P0260,3.0,0,2024-04-09
U0122,P0236,4.0,0,2024-01-10
U0157,P0141,4.5,0,2024-07-16
U0415,P0088,1.5,0,2024-06-12
U0249,P0242,4.0,0,2024-09-18
U0142,P0024,3.0,0,2024-12-08
U0359,P0146,4.5,1,2024-08-19
U0292,P0234,1.0,0,2024-11-03
U0282,P0014,4.0,0,2024-08-23
U0221,P0178,1.5,0,2024-03-22
U0014,P0179,5.0,0,2024-07-19
U0360,P0021,4.0,0,2024-08-05
U0329,P0278,4.5,0,2024-04-01
U0104,P0102,2.0,0,2024-08-13
U0348,P0043,2.5,0,2024-03-28
U0118,P0113,1.5,0,2024-12-30
U0309,P0051,3.0,0,2024-06-23
U0423,P0291,2.0,0,2024-09-22
U0127,P0137,2.0,0,2024-08-09
U0376,P0183,2.0,0,2024-05-29
U0236,P0268,5.0,1,2024-05-29
U0303,P0143,4.0,0,2024-03-15
U0325,P0078,2.5,0,2024-11-09
U0424,P0095,5.0,0,2024-04-01
U0295,P0100,2.0,0,2024-03-29
U0173,P0245,4.0,0,2024-03-02
U0089,P0107,4.0,1,2024-06-06
U0330,P0027,4.5,0,2024-11-04
U0170,P0171,1.5,0,2024-08-11
U0352,P0043,3.5,0,2024-02-19
U0295,P0226,4.0,0,2024-02-13
U0397,P0038,4.0,1,2024-12-10
U0218,P0175,4.5,0,2024-11-08
U0320,P0286,5.0,1,2024-11-02
U0066,P0063,2.5,0,2024-11-11
U0386,P0047,5.0,0,2024-05-24
U0167,P0045,3.0,0,2024-05-07
U0358,P0125,4.5,0,2024-04-19
U0059,P0299,5.0,1,2024-05-16
U0077,P0180,2.0,0,2024-05-25
U0398,P0191,3.5,1,2024-09-15
U0159,P0152,4.0,1,2024-03-11
U0090,P0216,3.5,0,2024-07-21
U0231,P0016,2.5,0,2024-03-14
U0468,P0257,5.0,1,2024-12-07
U0248,P0070,3.0,0,2024-07-06
U0089,P0154,5.0,0,2024-05-29
U0330,P0048,5.0,0,2024-08-23
U0174,P0049,4.0,1,2024-10-05
U0389,P0293,5.0,1,2024-02-12
U0115,P0162,5.0,1,2024-01-12
U0111,P0278,5.0,1,2024-01-22
U0170,P0058,5.0,0,2024-02-07
U0336,P0288,3.0,0,2024-10-09
U0247,P0107,4.5,1,2024-03-26
U0110,P0208,4.5,1,2024-03-14
U0322,P0006,3.5,0,2024-03-24
U0077,P0289,4.5,0,2024-07-13
U0372,P0257,4.5,0,2024-03-28
U0160,P0236,3.0,0,2024-05-30
U0025,P0194,2.5,0,2024-09-04
U0485,P0085,5.0,1,2024-12-22
U0259,P0265,3.0,0,2024-04-24
U0012,P0013,5.0,0,2024-07-02
U0169,P0021,4.5,0,2024-01-12
U0272,P0134,4.0,0,2024-08-13
U0253,P0148,3.0,0,2024-01-05
U0261,P0149,2.5,0,2024-04-10
U0455,P0213,5.0,0,2024-09-01
U0389,P0191,5.0,1,2024-12-16
U0478,P0121,3.5,0,2024-10-01
U0113,P0079,4.0,1,2024-03-31
U0447,P0296,2.5,0,2024-03-19
U0002,P0020,2.5,0,2024-03-30
U0138,P0213,1.5,0,2024-10-26
U0408,P0117,3.5,1,2024-05-02
U0430,P0036,4.0,0,2024-02-07
U0010,P0023,4.0,1,2024-09-03
U0042,P0289,3.5,1,2024-10-17
U0306,P0049,4.5,1,2024-10-22
U0022,P0242,1.0,0,2024-04-03
U0213,P0080,3.0,0,2024-04-19
U0047,P0156,1.5,0,2024-11-12
U0450,P0238,1.5,0,2024-01-26
U0342,P0196,4.5,0,2024-11-07
U0339,P0204,3.5,1,2024-12-14
U0411,P0085,4.5,0,2024-07-20
U0036,P0197,4.0,0,2024-12-01
U0327,P0291,2.0,0,2024-01-22
U0384,P0280,3.0,0,2024-03-27
U0225,P0083,3.5,0,2024-03-04
U0117,P0052,5.0,0,2024-10-04
U0009,P0254,3.5,0,2024-12-15
U0379,P0105,4.0,1,2024-06-07
U0132,P0163,4.5,0,2024-07-12
U0056,P0160,3.5,1,2024-03-21
U0160,P0199,3.5,0,2024-02-13
U0201,P0199,1.5,0,2024-08-21
U0184,P0209,5.0,1,2024-02-08
U0286,P0154,2.0,0,2024-10-29
U0206,P0063,4.5,1,2024-07-20
U0431,P0036,3.0,0,2024-11-17
U0037,P0166,4.5,0,2024-03-26
U0181,P0076,4.5,0,2024-07-21
U0183,P0079,3.5,1,2024-04-20
U0158,P0059,3.0,0,2024-02-28
U0463,P0061,3.0,0,2024-10-24
U0189,P0256,4.5,1,2024-10-31
U0407,P0231,3.5,0,2024-03-08
U0046,P0240,1.5,0,2024-03-23
U0245,P0089,4.0,1,2024-11-21
U0286,P0065,4.5,0,2024-04-09
U0011,P0281,4.0,1,2024-12-22
U0378,P0150,5.0,1,2024-03-23
U0293,P0172,4.0,1,2024-01-10
U0461,P0033,2.0,0,2024-04-12
U0197,P0169,3.5,1,2024-07-27
U0382,P0053,4.0,1,2024-09-12
U0338,P0166,5.0,1,2024-01-22
U0067,P0112,5.0,1,2024-09-06
U0255,P0052,2.5,0,2024-12-11
U0240,P0129,4.5,1,2024-11-19
U0028,P0238,4.5,0,2024-10-11
U0343,P0269,5.0,1,2024-09-17
U0002,P0099,2.0,0,2024-04-28
U0010,P0195,4.5,1,2024-03-07
U0289,P0217,4.0,1,2024-10-16
U0306,P0263,3.5,0,2024-06-09
U0108,P0019,4.5,0,2024-09-27
U0443,P0218,4.0,1,2024-06-10
U0303,P0188,3.0,0,2024-11-10
U0288,P0046,5.0,0,2024-06-02
U0170,P0006,4.0,1,2024-04-22
U0144,P0079,4.5,0,2024-06-03
U0342,P0102,3.5,1,2024-02-18
U0304,P0041,4.5,0,2024-04-19
U0066,P0260,4.0,1,2024-01-01
U0224,P0037,5.0,0,2024-07-17
U0019,P0066,4.5,1,2024-11-28
U0074,P0266,3.5,1,2024-05-27
U0178,P0071,3.5,0,2024-09-14
U0121,P0246,4.5,0,2024-05-14
U0256,P0063,3.5,0,2024-09-03
U0316,P0099,5.0,0,2024-09-12
U0048,P0006,2.0,0,2024-05-31
U0263,P0056,3.5,0,2024-10-26
U0281,P0256,4.5,0,2024-08-05
U0228,P0095,2.5,0,2024-07-19
U0418,P0114,3.5,1,2024-05-03
U0001,P0140,5.0,1,2024-12-20
U0439,P0059,5.0,0,2024-10-14
U0485,P0231,4.0,0,2024-10-05
U0033,P0121,2.5,0,2024-03-09
U0293,P0280,4.0,1,2024-01-28
U0396,P0152,4.0,0,2024-04-02
U0035,P0014,2.5,0,2024-12-20
U0495,P0048,4.5,0,2024-10-25
U0353,P0186,3.0,0,2024-09-01
U0491,P0072,3.5,0,2024-01-11
U0498,P0167,5.0,0,2024-06-01
U0106,P0193,2.5,0,2024-10-21
U0276,P0218,4.0,0,2024-09-06
U0396,P0128,4.0,1,2024-05-16
U0426,P0025,3.5,1,2024-04-28
U0119,P0230,3.0,0,2024-11-09
U0409,P0022,2.5,0,2024-04-17
U0441,P0172,2.0,0,2024-11-18
U0222,P0169,4.0,0,2024-12-06
U0064,P0205,3.5,0,2024-05-24
U0296,P0057,4.5,1,2024-03-02
U0161,P0189,5.0,1,2024-11-13
U0337,P0173,4.0,0,2024-06-09
U0030,P0010,2.5,0,2024-07-21
U0036,P0270,3.5,1,2024-01-02
U0061,P0011,3.5,0,2024-01-23
U0177,P0128,5.0,0,2024-02-04
U0487,P0229,4.0,0,2024-03-08
U0393,P0141,3.0,0,2024-07-03
U0154,P0070,4.5,1,2024-06-25
U0338,P0287,3.5,1,2024-01-09
U0222,P0255,3.5,0,2024-06-10
U0436,P0063,3.0,0,2024-12-19
U0009,P0058,5.0,1,2024-11-17
U0158,P0290,2.5,0,2024-01-16
U0191,P0025,2.5,0,2024-09-06
U0027,P0261,5.0,0,2024-03-30
U0493,P0262,4.5,1,2024-05-01
U0461,P0243,2.5,0,2024-04-21
U0151,P0072,3.0,0,2024-06-16
U0250,P0213,1.5,0,2024-08-21
U0231,P0120,4.0,0,2024-04-09
U0422,P0028,4.0,1,2024-07-24
U0011,P0183,4.0,0,2024-12-11
U0016,P0116,4.5,1,2024-06-12
U0007,P0103,3.5,0,2024-02-17
U0091,P0180,3.0,0,2024-03-24
U0399,P0248,5.0,0,2024-08-12
U0060,P0279,2.0,0,2024-05-21
U0304,P0115,2.5,0,2024-02-05
U0466,P0258,4.0,0,2024-11-14
U0218,P0072,4.5,0,2024-02-23
U0119,P0095,3.0,0,2024-08-28
U0257,P0211,4.0,0,2024-05-18
U0130,P0261,2.5,0,2024-05-12
U0012,P0153,2.5,0,2024-02-15
U0174,P0113,4.5,0,2024-09-11
U0485,P0101,2.0,0,2024-02-02
U0236,P0235,3.0,0,2024-11-27
U0445,P0234,4.0,0,2024-05-08
U0181,P0300,4.5,1,2024-12-28
U0244,P0282,5.0,0,2024-03-20
U0495,P0273,4.0,1,2024-10-15
U0083,P0297,3.0,0,2024-10-28
U0100,P0151,5.0,1,2024-05-29
U0359,P0227,5.0,0,2024-12-11
U0497,P0215,3.5,0,2024-03-26
U0411,P0219,4.0,1,2024-10-05
U0415,P0016,4.5,1,2024-09-14
U0366,P0208,4.0,0,2024-08-10
U0353,P0273,4.0,0,2024-11-11
U0403,P0201,5.0,1,2024-03-27
U0304,P0275,4.0,1,2024-12-13
U0002,P0150,5.0,0,2024-12-07
U0294,P0107,2.5,0,2024-03-26
U0330,P0119,3.5,1,2024-04-12
U0435,P0113,4.0,0,2024-03-21
U0253,P0071,3.5,0,2024-03-23
U0170,P0098,1.0,0,2024-10-28
U0030,P0282,3.0,0,2024-06-02
U0496,P0214,1.5,0,2024-05-27
U0358,P0159,2.5,0,2024-03-03
U0325,P0023,2.5,0,2024-08-11
U0426,P0283,4.5,0,2024-08-16
U0227,P0115,5.0,0,2024-08-02
U0157,P0012,4.5,1,2024-05-05
U0235,P0246,5.0,0,2024-02-09
U0237,P0163,3.0,0,2024-06-05
U0114,P0237,2.0,0,2024-09-13
U0073,P0193,3.0,0,2024-12-26
U0094,P0156,3.0,0,2024-08-31
U0003,P0192,2.5,0,2024-07-27
U0076,P0118,4.0,1,2024-03-20
U0466,P0276,4.5,0,2024-08-02
U0184,P0106,4.5,0,2024-09-01
U0274,P0209,3.5,1,2024-09-16
U0154,P0074,3.0,0,2024-08-01
U0108,P0151,3.0,0,2024-07-29
U0078,P0255,4.5,1,2024-02-27
U0119,P0279,3.5,0,2024-10-20
U0130,P0212,2.5,0,2024-04-16
U0195,P0279,4.5,0,2024-10-13
U0125,P0126,3.0,0,2024-08-04
U0407,P0236,3.5,0,2024-06-25
U0222,P0040,4.5,0,2024-11-24
U0103,P0187,3.5,1,2024-12-09
U0159,P0070,4.5,1,2024-10-29
U0458,P0171,3.5,0,2024-12-12
U0028,P0019,3.0,0,2024-01-13
U0466,P0098,3.5,0,2024-03-30
U0271,P0030,2.5,0,2024-01-28
U0061,P0118,2.5,0,2024-11-03
U0052,P0079,5.0,0,2024-02-07
U0120,P0170,3.0,0,2024-07-31
U0126,P0009,3.0,0,2024-06-04
U0213,P0221,4.5,1,2024-06-27
U0171,P0216,3.5,0,2024-09-14
U0045,P0208,3.0,0,2024-06-08
U0001,P0297,2.5,0,2024-06-08
U0265,P0141,3.5,0,2024-01-12
U0238,P0267,4.0,0,2024-11-17
U0031,P0194,5.0,0,2024-04-04
U0261,P0082,3.0,0,2024-02-03
U0169,P0146,2.5,0,2024-09-02
U0341,P0245,4.0,0,2024-06-25
U0193,P0246,2.5,0,2024-02-04
U0294,P0149,5.0,1,2024-02-26
U0356,P0188,3.5,1,2024-09-24
U0492,P0241,4.0,1,2024-10-22
U0366,P0278,4.0,0,2024-02-27
U0464,P0230,3.0,0,2024-08-09
U0194,P0200,4.0,1,2024-05-26
U0262,P0060,4.5,0,2024-03-30
U0139,P0067,3.0,0,2024-05-09
U0210,P0219,4.0,1,2024-07-02
U0172,P0172,4.5,0,2024-06-24
U0190,P0192,5.0,0,2024-08-20
U0104,P0132,5.0,0,2024-07-30
U0126,P0238,4.5,0,2024-03-30
U0255,P0031,3.5,0,2024-11-24
U0084,P0058,3.0,0,2024-08-04
U0214,P0018,4.0,1,2024-01-07
U0005,P0133,4.5,1,2024-04-15
U0343,P0229,3.0,0,2024-09-07
U0384,P0072,4.0,0,2024-05-13
U0406,P0031,3.5,1,2024-06-24
U0371,P0106,4.0,0,2024-06-01
U0421,P0198,3.5,0,2024-05-08
U0188,P0017,2.5,0,2024-06-14
U0139,P0074,4.5,1,2024-06-09
U0416,P0043,5.0,0,2024-12-07
U0287,P0102,4.5,1,2024-09-21
U0269,P0143,4.0,1,2024-05-04
U0301,P0133,4.5,0,2024-03-24
U0089,P0176,5.0,0,2024-01-12
U0199,P0298,5.0,0,2024-01-31
U0164,P0055,4.0,1,2024-10-25
U0371,P0264,4.0,0,2024-12-22
U0241,P0023,3.0,0,2024-04-20
U0065,P0217,4.0,0,2024-07-14
U0038,P0115,3.0,0,2024-10-02
U0043,P0116,5.0,1,2024-04-16
U0288,P0063,4.0,1,2024-05-28
U0185,P0232,4.0,1,2024-10-16
U0245,P0219,4.0,1,2024-02-19
U0365,P0235,5.0,0,2024-02-17
U0134,P0011,4.0,1,2024-04-29
U0184,P0252,5.0,0,2024-04-08
U0317,P0049,3.0,0,2024-07-22
U0386,P0136,3.0,0,2024-06-26
U0192,P0270,3.0,0,2024-04-09
U0145,P0127,3.5,0,2024-07-27
U0490,P0176,4.0,0,2024-01-25
U0354,P0099,3.5,1,2024-12-26
U0435,P0294,3.0,0,2024-12-17
U0278,P0138,5.0,1,2024-02-03
U0207,P0245,2.5,0,2024-10-04
U0237,P0222,3.5,1,2024-08-29
U0477,P0017,4.5,0,2024-12-05
U0007,P0205,4.5,0,2024-02-27
U0067,P0156,4.5,1,2024-02-25
U0278,P0199,4.0,0,2024-05-03
U0200,P0090,2.0,0,2024-02-02
U0120,P0181,1.0,0,2024-08-15
U0275,P0211,4.5,0,2024-12-07
U0019,P0161,5.0,1,2024-12-20
U0453,P0266,5.0,0,2024-11-17
U0343,P0022,3.0,0,2024-05-22
U0222,P0051,4.5,0,2024-02-28
U0204,P0016,2.5,0,2024-02-20
U0224,P0267,3.5,0,2024-11-23
U0091,P0228,4.5,1,2024-03-11
U0020,P0111,4.0,1,2024-08-12
U0266,P0269,3.0,0,2024-03-14
U0116,P0061,5.0,0,2024-03-31
U0050,P0111,5.0,0,2024-01-29
U0172,P0236,4.5,0,2024-10-14
U0412,P0290,3.5,0,2024-10-15
U0473,P0220,5.0,0,2024-09-03
U0237,P0150,2.5,0,2024-06-13
U0056,P0250,5.0,1,2024-01-02
U0143,P0139,5.0,1,2024-01-11
U0180,P0090,3.5,0,2024-08-13
U0103,P0256,4.5,0,2024-10-10
U0302,P0091,2.5,0,2024-04-28
U0002,P0225,4.0,0,2024-07-15
U0092,P0158,5.0,0,2024-04-25
U0067,P0271,2.5,0,2024-11-22
U0412,P0018,2.5,0,2024-10-05
U0449,P0111,3.0,0,2024-02-29
U0085,P0117,5.0,0,2024-06-12
U0230,P0145,4.0,1,2024-07-09
U0362,P0272,3.0,0,2024-01-02
U0118,P0252,4.0,1,2024-04-21
U0406,P0163,1.0,0,2024-01-20
U0169,P0230,3.5,1,2024-05-13
U0340,P0269,4.5,1,2024-08-09
U0321,P0179,5.0,0,2024-11-12
U0313,P0242,5.0,1,2024-09-27
U0495,P0174,5.0,0,2024-05-18
U0374,P0127,3.5,1,2024-04-19
U0167,P0124,4.5,1,2024-01-25
U0246,P0291,3.5,1,2024-11-04
U0154,P0042,4.5,1,2024-12-25
U0134,P0191,2.5,0,2024-11-30
U0454,P0179,2.5,0,2024-08-02
U0266,P0143,3.5,0,2024-03-02
U0189,P0276,3.5,1,2024-05-29
U0465,P0023,4.0,0,2024-11-14
U0130,P0297,3.5,0,2024-09-11
U0238,P0232,4.5,1,2024-03-15
U0047,P0242,4.5,1,2024-05-02
U0460,P0143,2.5,0,2024-05-20
U0021,P0136,4.5,0,2024-10-07
U0407,P0134,3.5,0,2024-12-02
U0225,P0135,3.0,0,2024-11-23
U0206,P0129,4.5,0,2024-05-26
U0170,P0228,3.0,0,2024-05-25
U0146,P0292,3.5,1,2024-08-17
U0375,P0158,2.5,0,2024-07-25
U0325,P0281,3.0,0,2024-09-06
U0138,P0060,5.0,0,2024-08-02
U0067,P0081,4.5,1,2024-11-26
U0267,P0037,5.0,0,2024-04-18
U0339,P0052,4.5,0,2024-02-09
U0222,P0219,3.5,0,2024-07-07
U0202,P0006,1.5,0,2024-03-28
U0258,P0240,4.0,1,2024-03-16
U0034,P0196,4.5,1,2024-10-31
U0402,P0055,3.5,0,2024-09-01
U0030,P0048,3.5,0,2024-12-21
U0385,P0113,4.0,0,2024-04-23
U0013,P0166,4.5,1,2024-11-15
U0292,P0011,4.5,1,2024-06-17
U0402,P0100,5.0,1,2024-09-04
U0473,P0217,3.5,1,2024-11-19
U0163,P0018,5.0,1,2024-03-11
U0091,P0235,4.5,1,2024-11-17
U0421,P0266,2.5,0,2024-12-11
U0203,P0210,5.0,1,2024-04-11
U0463,P0072,4.0,0,2024-07-07
U0273,P0043,3.5,0,2024-06-11
U0174,P0156,4.0,1,2024-01-20
U0212,P0196,5.0,0,2024-05-17
U0153,P0129,3.5,1,2024-12-24
U0494,P0191,3.5,0,2024-10-30
U0439,P0198,5.0,0,2024-09-18
U0268,P0156,5.0,1,2024-11-22
U0459,P0232,2.5,0,2024-07-29
U0209,P0059,3.0,0,2024-10-24
U0297,P0119,4.5,1,2024-03-27
U0326,P0012,5.0,1,2024-01-02
U0390,P0080,4.0,0,2024-02-06
U0288,P0175,4.0,0,2024-01-16
U0361,P0124,4.5,0,2024-05-21
U0489,P0107,3.5,0,2024-07-05
U0085,P0299,3.5,1,2024-10-27
U0261,P0153,2.0,0,2024-07-31
U0220,P0185,4.0,1,2024-04-03
U0059,P0290,2.5,0,2024-08-11
U0398,P0264,3.0,0,2024-06-11
U0280,P0202,3.5,1,2024-05-05
U0268,P0096,5.0,0,2024-02-25
U0227,P0186,3.0,0,2024-12-28
U0446,P0206,4.0,1,2024-04-27
U0376,P0168,3.5,0,2024-07-09
U0001,P0247,2.5,0,2024-07-12
U0010,P0030,5.0,1,2024-02-11
U0228,P0201,4.5,0,2024-10-19
U0206,P0026,5.0,0,2024-11-06
U0428,P0203,4.5,1,2024-04-02
U0477,P0169,3.0,0,2024-04-12
U0217,P0115,4.0,0,2024-03-17
U0258,P0078,2.5,0,2024-02-20
U0403,P0116,4.0,1,2024-06-11
U0319,P0085,3.5,1,2024-10-16
U0020,P0014,5.0,1,2024-04-25
U0004,P0190,1.0,0,2024-07-07
U0179,P0068,3.5,0,2024-12-10
U0211,P0050,4.0,1,2024-10-08
U0282,P0191,3.5,0,2024-08-25
U0022,P0181,2.5,0,2024-11-25
U0207,P0024,3.0,0,2024-02-05
U0299,P0170,4.5,1,2024-11-19
U0124,P0142,5.0,1,2024-12-24
U0002,P0236,2.0,0,2024-06-11
U0150,P0186,4.0,0,2024-03-13
U0047,P0181,1.5,0,2024-03-22
U0121,P0003,3.0,0,2024-01-13
U0164,P0166,5.0,1,2024-05-28
U0172,P0228,3.0,0,2024-07-04
U0444,P0002,4.5,0,2024-04-23
U0417,P0188,3.5,0,2024-03-20
U0462,P0295,3.5,1,2024-09-26
U0382,P0238,4.0,0,2024-06-03
U0168,P0235,3.5,1,2024-08-09
U0293,P0055,3.0,0,2024-07-27
U0409,P0081,3.0,0,2024-06-25
U0039,P0049,1.5,0,2024-08-04
U0101,P0188,2.0,0,2024-08-15
U0103,P0156,4.0,1,2024-09-20
U0276,P0153,3.5,1,2024-10-01
U0381,P0178,4.0,1,2024-08-19
U0360,P0034,3.5,0,2024-10-20
U0321,P0011,5.0,1,2024-10-21
U0488,P0113,5.0,1,2024-03-25
U0092,P0018,3.5,1,2024-03-26
U0394,P0117,1.5,0,2024-12-07
U0426,P0180,1.5,0,2024-06-13
U0212,P0077,3.0,0,2024-04-07
U0076,P0231,3.0,0,2024-03-12
U0412,P0208,3.5,1,2024-12-05
U0065,P0006,5.0,1,2024-05-09
U0477,P0125,3.0,0,2024-10-26
U0375,P0052,4.0,0,2024-09-14
U0181,P0263,2.0,0,2024-07-20
U0040,P0126,3.5,1,2024-01-05
U0312,P0122,5.0,0,2024-06-03
U0198,P0169,3.5,1,2024-09-14
U0062,P0192,2.5,0,2024-05-03
U0358,P0274,5.0,1,2024-09-06
U0434,P0298,1.5,0,2024-08-21
U0199,P0217,2.5,0,2024-10-06
U0069,P0250,5.0,0,2024-02-06
U0020,P0139,3.0,0,2024-02-21
U0299,P0156,4.0,1,2024-05-30
U0157,P0197,2.5,0,2024-07-22
U0278,P0069,2.0,0,2024-12-11
U0116,P0016,5.0,0,2024-06-10
U0211,P0207,2.5,0,2024-07-01
U0009,P0120,2.5,0,2024-05-07
U0347,P0013,4.0,1,2024-04-25
U0103,P0003,3.0,0,2024-05-03
U0337,P0012,3.5,0,2024-12-01
U0210,P0141,5.0,0,2024-12-14
U0113,P0245,4.5,0,2024-10-18
U0437,P0236,3.0,0,2024-06-18
U0225,P0282,3.5,0,2024-03-10
U0481,P0134,3.0,0,2024-01-17
U0149,P0204,3.0,0,2024-07-27
U0487,P0136,3.5,1,2024-12-28
U0355,P0080,1.5,0,2024-03-26
U0053,P0299,3.0,0,2024-04-17
U0478,P0067,2.0,0,2024-10-26
U0005,P0188,3.5,1,2024-02-08
U0200,P0021,1.0,0,2024-04-22
U0284,P0019,2.0,0,2024-03-03
U0116,P0092,5.0,1,2024-04-04
U0192,P0081,4.0,0,2024-05-10
U0397,P0201,3.0,0,2024-02-05
U0406,P0045,2.5,0,2024-05-23
U0011,P0142,4.5,1,2024-12-11
U0345,P0166,4.0,0,2024-04-02
U0263,P0125,3.5,0,2024-01-08
U0032,P0037,4.0,0,2024-10-18
U0246,P0237,2.5,0,2024-12-16
U0239,P0206,5.0,1,2024-07-07
U0238,P0223,2.5,0,2024-02-07
U0453,P0036,3.5,0,2024-12-25
U0477,P0133,1.5,0,2024-09-26
U0083,P0223,3.5,0,2024-10-14
U0313,P0064,3.5,0,2024-11-12
U0388,P0228,3.0,0,2024-10-23
U0026,P0019,3.5,1,2024-08-26
U0289,P0022,4.5,0,2024-01-30
U0047,P0270,2.0,0,2024-09-26
U0463,P0089,4.5,0,2024-10-31
U0041,P0017,3.0,0,2024-12-21
U0144,P0143,1.0,0,2024-04-27
U0166,P0229,3.5,1,2024-02-15
U0262,P0222,2.5,0,2024-03-05
U0219,P0136,2.5,0,2024-06-01
U0184,P0069,3.0,0,2024-09-06
U0376,P0218,2.5,0,2024-12-23
U0390,P0171,5.0,0,2024-07-18
U0184,P0237,4.0,0,2024-08-12
U0499,P0156,2.5,0,2024-06-07
U0183,P0202,4.5,0,2024-06-04
U0394,P0140,3.5,0,2024-12-27
U0471,P0282,3.0,0,2024-09-11
U0260,P0085,3.0,0,2024-03-31
U0240,P0009,4.5,0,2024-12-27
U0183,P0153,4.5,1,2024-08-07
U0238,P0278,5.0,1,2024-03-24
U0498,P0283,3.0,0,2024-04-06
U0356,P0013,3.0,0,2024-09-02
U0414,P0147,4.0,0,2024-02-26
U0386,P0232,5.0,0,2024-05-25
U0014,P0087,4.0,1,2024-02-05
U0277,P0271,4.5,1,2024-06-19
U0106,P0086,1.5,0,2024-09-03
U0450,P0222,3.0,0,2024-05-25
U0108,P0009,5.0,0,2024-06-30
U0497,P0137,5.0,0,2024-04-20
U0076,P0197,5.0,0,2024-06-01
U0496,P0115,4.5,0,2024-09-13
U0175,P0142,3.0,0,2024-02-27
U0029,P0129,4.0,0,2024-02-03
U0125,P0141,3.0,0,2024-05-24
U0038,P0171,2.0,0,2024-02-09
U0173,P0271,4.0,0,2024-05-12
U0432,P0283,3.0,0,2024-05-31
U0312,P0016,4.0,0,2024-06-25
U0472,P0220,1.5,0,2024-11-12
U0148,P0013,5.0,1,2024-04-01
U0238,P0210,2.5,0,2024-10-02
U0304,P0060,3.0,0,2024-12-03
U0070,P0239,4.5,1,2024-02-04
U0383,P0195,2.5,0,2024-09-20
U0093,P0293,4.5,0,2024-04-12
U0202,P0097,3.5,1,2024-10-28
U0480,P0257,5.0,1,2024-03-28
U0127,P0046,5.0,0,2024-06-20
U0440,P0096,5.0,1,2024-08-24
U0230,P0258,4.0,1,2024-08-16
U0345,P0265,2.5,0,2024-08-19
U0124,P0227,4.5,1,2024-06-11
U0131,P0072,5.0,0,2024-10-18
U0294,P0236,4.5,1,2024-11-27
U0411,P0204,4.0,1,2024-09-14
U0478,P0179,5.0,1,2024-02-22
U0275,P0017,2.5,0,2024-05-06
U0155,P0235,2.0,0,2024-04-15
U0320,P0081,3.0,0,2024-10-18
U0010,P0292,3.5,1,2024-05-08
U0489,P0059,4.5,0,2024-06-22
U0398,P0142,3.5,0,2024-10-20
U0345,P0109,4.0,0,2024-02-24
U0334,P0107,3.5,1,2024-02-18
U0320,P0033,4.5,0,2024-11-13
U0377,P0020,4.0,0,2024-11-02
U0285,P0099,5.0,0,2024-06-19
U0356,P0297,2.5,0,2024-05-30
U0359,P0121,4.5,1,2024-08-16
U0135,P0134,3.0,0,2024-06-29
U0457,P0088,2.5,0,2024-05-04
U0471,P0280,2.5,0,2024-03-06
U0479,P0267,2.0,0,2024-08-26
U0026,P0188,5.0,0,2024-02-24
U0297,P0191,3.5,0,2024-09-03
U0282,P0093,5.0,0,2024-11-14
U0086,P0248,3.0,0,2024-12-25
U0061,P0029,4.5,1,2024-07-18
U0303,P0223,4.5,0,2024-06-01
U0044,P0205,3.0,0,2024-02-02
U0359,P0004,2.5,0,2024-04-24
U0358,P0284,2.5,0,2024-08-10
U0336,P0084,5.0,1,2024-10-30
U0185,P0173,3.0,0,2024-08-03
U0141,P0186,4.5,1,2024-04-18
U0477,P0090,4.0,0,2024-02-12
U0402,P0187,2.5,0,2024-07-20
U0454,P0176,4.5,1,2024-04-25
U0364,P0013,2.5,0,2024-10-03
U0417,P0228,1.0,0,2024-09-12
U0281,P0260,4.5,0,2024-04-06
U0192,P0278,5.0,1,2024-01-11
U0439,P0195,3.5,0,2024-04-01
U0133,P0234,5.0,0,2024-04-28
U0376,P0196,4.0,0,2024-04-25
U0301,P0060,5.0,0,2024-07-06
U0160,P0151,4.0,1,2024-07-22
U0414,P0096,4.5,1,2024-03-10
U0191,P0221,4.5,1,2024-01-09
U0277,P0183,2.5,0,2024-03-24
U0397,P0083,4.0,1,2024-02-01
U0429,P0213,3.0,0,2024-09-20
U0223,P0145,1.5,0,2024-01-05
U0141,P0115,5.0,0,2024-12-26
U0126,P0004,5.0,0,2024-07-23
U0387,P0167,3.5,0,2024-05-19
U0293,P0247,3.5,0,2024-11-05
U0426,P0056,3.5,1,2024-11-10
U0472,P0026,5.0,0,2024-08-06
U0076,P0144,3.5,1,2024-05-22
U0137,P0006,2.0,0,2024-03-12
U0161,P0202,5.0,1,2024-01-13
U0111,P0007,3.0,0,2024-03-02
U0125,P0044,1.5,0,2024-11-22
U0381,P0259,3.5,1,2024-05-22
U0389,P0220,4.5,1,2024-11-14
U0136,P0200,4.0,0,2024-03-22
U0019,P0045,3.5,0,2024-01-19
U0253,P0099,3.5,1,2024-05-12
U0073,P0227,5.0,0,2024-08-03
U0340,P0260,5.0,0,2024-03-07
U0096,P0130,4.5,0,2024-08-21
U0163,P0052,3.0,0,2024-12-15
U0137,P0175,2.5,0,2024-04-03
U0187,P0208,2.0,0,2024-12-02
U0311,P0115,3.5,1,2024-03-04
U0235,P0166,2.5,0,2024-11-28
U0477,P0025,3.0,0,2024-05-22
U0214,P0178,4.0,1,2024-12-10
U0232,P0128,4.5,0,2024-05-24
U0105,P0050,4.0,0,2024-03-04
U0472,P0124,2.5,0,2024-10-27
U0493,P0265,3.0,0,2024-11-10
U0153,P0235,5.0,1,2024-01-23
U0321,P0102,5.0,1,2024-03-12
U0041,P0185,5.0,1,2024-01-14
U0100,P0268,3.0,0,2024-12-05
U0102,P0240,2.5,0,2024-11-30
U0054,P0055,3.5,0,2024-04-29
U0075,P0008,3.5,0,2024-06-15
U0105,P0037,2.5,0,2024-06-08
U0123,P0007,5.0,0,2024-10-01
U0471,P0192,3.5,1,2024-10-30
U0049,P0155,2.5,0,2024-01-06
U0076,P0084,2.5,0,2024-02-05
U0419,P0159,4.0,0,2024-01-03
U0085,P0075,3.5,1,2024-02-29
U0078,P0202,3.5,1,2024-05-27
U0047,P0083,2.5,0,2024-12-21
U0475,P0010,2.0,0,2024-09-20
U0105,P0134,2.0,0,2024-02-07
U0248,P0160,5.0,1,2024-01-24
U0357,P0267,4.5,0,2024-01-16
U0186,P0099,5.0,1,2024-01-17
U0122,P0175,3.5,0,2024-01-15
U0369,P0188,3.5,0,2024-02-02
U0031,P0300,1.5,0,2024-08-02
U0317,P0269,1.5,0,2024-09-08
U0393,P0211,4.0,0,2024-03-16
U0118,P0209,3.5,1,2024-03-07
U0310,P0178,4.5,0,2024-05-15
U0392,P0149,4.5,0,2024-11-29
U0468,P0052,4.5,1,2024-07-05
U0159,P0168,2.0,0,2024-07-30
U0412,P0134,3.5,0,2024-04-10
U0429,P0022,4.0,0,2024-10-29
U0303,P0133,2.5,0,2024-08-04
U0308,P0114,3.0,0,2024-03-17
U0075,P0171,3.0,0,2024-08-19
U0440,P0287,3.0,0,2024-04-08
U0326,P0250,4.0,1,2024-06-13
U0204,P0246,3.5,0,2024-07-22
U0462,P0208,3.5,0,2024-05-18
U0203,P0085,3.0,0,2024-09-06
U0057,P0167,4.0,0,2024-04-30
U0410,P0083,3.0,0,2024-09-26
U0389,P0086,3.5,0,2024-02-04
U0462,P0036,4.5,0,2024-06-02
U0203,P0075,4.0,0,2024-09-26
U0003,P0282,3.5,0,2024-06-14
U0149,P0083,1.0,0,2024-01-22
U0020,P0259,4.0,0,2024-09-02
U0449,P0043,3.0,0,2024-06-11
U0466,P0156,4.0,1,2024-10-22
U0295,P0159,4.5,0,2024-01-22
U0051,P0259,4.5,0,2024-03-01
U0305,P0043,4.0,0,2024-02-06
U0244,P0272,4.0,1,2024-11-04
U0122,P0254,2.5,0,2024-12-29
U0394,P0238,3.5,0,2024-04-27
U0360,P0043,2.0,0,2024-06-05
U0221,P0180,4.0,1,2024-12-21
U0379,P0268,4.5,1,2024-11-24
U0377,P0273,3.0,0,2024-06-23
U0006,P0064,3.5,0,2024-07-14
U0409,P0071,5.0,0,2024-03-30
U0373,P0275,2.0,0,2024-07-17
U0440,P0005,5.0,1,2024-05-13
U0252,P0267,2.0,0,2024-08-05
U0072,P0009,5.0,0,2024-10-10
U0490,P0251,3.0,0,2024-03-31
U0204,P0244,5.0,0,2024-11-04
U0410,P0280,3.5,0,2024-12-21
U0012,P0198,1.0,0,2024-01-08
U0226,P0220,3.5,1,2024-02-13
U0497,P0116,4.0,0,2024-09-12
U0476,P0266,3.0,0,2024-03-30
U0286,P0212,3.5,0,2024-12-13
U0076,P0013,4.0,1,2024-05-26
U0367,P0262,3.0,0,2024-09-09
U0157,P0018,3.5,1,2024-04-07
U0471,P0270,3.5,0,2024-03-22
U0319,P0110,2.5,0,2024-12-30
U0453,P0138,4.5,0,2024-06-17
U0387,P0111,2.5,0,2024-12-26
U0043,P0286,3.0,0,2024-10-23
U0044,P0045,5.0,1,2024-08-25
U0026,P0145,2.5,0,2024-11-15
U0222,P0018,4.0,0,2024-10-02
U0121,P0164,4.0,0,2024-12-04
U0096,P0017,4.0,0,2024-08-09
U0103,P0162,3.5,0,2024-06-02
U0219,P0091,3.0,0,2024-03-03
U0478,P0012,4.0,1,2024-03-25
U0319,P0061,5.0,0,2024-12-08
U0482,P0015,4.0,0,2024-10-14
U0235,P0117,5.0,1,2024-12-23
U0080,P0159,4.0,1,2024-12-12
U0406,P0012,5.0,1,2024-09-07
U0123,P0134,4.0,0,2024-04-04
U0162,P0229,3.0,0,2024-04-25
U0221,P0223,5.0,0,2024-11-03
U0456,P0207,3.0,0,2024-12-28
U0036,P0064,3.0,0,2024-02-13
U0482,P0090,2.0,0,2024-07-30
U0063,P0290,3.5,0,2024-08-29
U0455,P0118,3.0,0,2024-03-19
U0434,P0090,2.5,0,2024-07-13
U0201,P0076,3.5,0,2024-12-08
U0355,P0207,4.0,1,2024-08-27
U0480,P0133,3.5,0,2024-06-18
U0088,P0240,5.0,1,2024-04-15
U0107,P0300,4.0,0,2024-02-10
U0160,P0085,5.0,0,2024-03-06
U0270,P0178,5.0,0,2024-06-25
U0354,P0006,3.0,0,2024-09-23
U0387,P0247,4.0,0,2024-01-04
U0030,P0082,5.0,0,2024-11-11
U0051,P0029,4.0,0,2024-05-03
U0340,P0208,1.5,0,2024-08-25
U0394,P0032,4.0,1,2024-06-14
U0067,P0063,4.0,0,2024-06-30
U0234,P0027,2.0,0,2024-07-04
U0079,P0231,3.5,0,2024-08-20
U0459,P0133,5.0,1,2024-11-22
U0149,P0167,4.5,1,2024-01-01
U0206,P0067,3.5,1,2024-12-08
U0450,P0111,3.0,0,2024-10-05
U0262,P0163,3.0,0,2024-09-04
U0255,P0025,3.0,0,2024-01-03
U0445,P0290,4.5,0,2024-10-17
U0419,P0280,4.5,0,2024-12-05
U0420,P0006,4.5,1,2024-10-17
U0289,P0227,4.5,0,2024-07-08
U0195,P0171,1.0,0,2024-09-09
U0081,P0257,5.0,0,2024-09-11
U0046,P0282,3.5,0,2024-05-28
U0064,P0264,2.0,0,2024-08-01
U0440,P0149,1.5,0,2024-11-22
U0140,P0011,3.0,0,2024-07-12
U0330,P0191,4.5,1,2024-07-24
U0209,P0064,3.0,0,2024-12-10
U0108,P0274,5.0,0,2024-07-31
U0404,P0114,4.5,0,2024-01-12
U0333,P0034,3.5,1,2024-08-28
U0072,P0241,3.5,0,2024-05-20
U0318,P0282,4.5,1,2024-02-10
U0311,P0189,1.0,0,2024-02-23
U0476,P0162,5.0,1,2024-12-25
U0168,P0092,4.0,0,2024-02-22
U0241,P0051,3.5,0,2024-05-20
U0449,P0057,4.0,1,2024-06-16
U0335,P0214,3.0,0,2024-01-02
U0438,P0196,4.0,0,2024-04-04
U0238,P0037,1.5,0,2024-06-03
U0424,P0120,5.0,1,2024-03-11
U0053,P0228,5.0,1,2024-09-17
U0374,P0108,5.0,0,2024-10-10
U0427,P0012,3.0,0,2024-07-18
U0273,P0018,3.5,1,2024-02-13
U0197,P0139,3.5,1,2024-06-24
U0036,P0020,3.0,0,2024-10-17
U0162,P0202,5.0,0,2024-11-03
U0073,P0183,4.0,1,2024-07-13
U0251,P0031,4.0,0,2024-08-11
U0367,P0282,3.5,1,2024-04-07
U0192,P0259,2.0,0,2024-08-25
U0230,P0010,3.0,0,2024-09-28
U0279,P0156,1.5,0,2024-06-22
U0401,P0054,4.0,0,2024-07-22
U0439,P0132,4.0,1,2024-08-13
U0338,P0264,3.0,0,2024-10-12
U0324,P0115,3.0,0,2024-12-18
U0191,P0196,3.5,0,2024-03-02
U0039,P0218,4.0,0,2024-02-25
U0467,P0268,4.0,1,2024-07-17
U0337,P0288,4.0,0,2024-08-27
U0187,P0271,3.5,0,2024-12-09
U0346,P0119,4.0,0,2024-01-16
U0482,P0176,4.0,0,2024-08-20
U0129,P0137,2.5,0,2024-12-21
U0464,P0062,4.5,0,2024-08-27
U0443,P0174,3.0,0,2024-09-26
U0254,P0047,4.5,1,2024-04-24
U0324,P0297,3.5,1,2024-03-16
U0469,P0204,4.5,0,2024-10-05
U0351,P0055,2.5,0,2024-07-26
U0260,P0275,4.5,0,2024-11-28
U0490,P0036,5.0,1,2024-10-10
U0287,P0171,2.5,0,2024-09-01
U0449,P0215,1.5,0,2024-12-11
U0478,P0031,5.0,1,2024-05-11
U0115,P0060,2.0,0,2024-12-13
U0385,P0070,5.0,0,2024-08-01
U0397,P0269,3.5,1,2024-06-30
U0105,P0053,3.0,0,2024-04-09
U0385,P0028,5.0,0,2024-04-16
U0233,P0202,2.5,0,2024-04-18
U0031,P0186,4.5,1,2024-05-18
U0292,P0065,4.0,1,2024-03-07
U0188,P0079,3.5,1,2024-01-19
U0312,P0113,2.5,0,2024-12-09
U0358,P0101,4.5,1,2024-12-18
U0073,P0014,3.0,0,2024-09-15
U0030,P0185,3.0,0,2024-01-27
U0356,P0058,4.0,0,2024-09-26
U0047,P0268,4.5,1,2024-07-01
U0158,P0103,4.5,1,2024-12-17
U0094,P0288,3.5,0,2024-10-17
U0144,P0275,4.0,0,2024-12-28
U0369,P0246,3.0,0,2024-05-09
U0192,P0148,2.0,0,2024-12-07
U0267,P0132,3.0,0,2024-10-27
U0149,P0265,3.5,1,2024-07-04
U0455,P0091,3.5,1,2024-06-26
U0344,P0029,5.0,0,2024-04-14
U0334,P0157,5.0,0,2024-06-25
U0334,P0136,2.5,0,2024-05-13
U0180,P0284,4.0,0,2024-10-17
U0139,P0185,2.5,0,2024-10-21
U0214,P0153,3.0,0,2024-12-25
U0429,P0288,3.5,1,2024-08-27
U0152,P0238,4.0,1,2024-04-06
U0394,P0123,2.5,0,2024-01-23
U0318,P0254,3.0,0,2024-11-02
U0183,P0177,4.5,0,2024-03-09
U0264,P0227,4.0,0,2024-03-12
U0081,P0175,4.0,1,2024-10-26
U0479,P0197,3.5,1,2024-08-02
U0125,P0127,4.0,1,2024-10-19
U0158,P0166,3.5,1,2024-12-17
U0082,P0176,5.0,1,2024-02-12
U0042,P0200,5.0,0,2024-03-18
U0124,P0217,3.5,0,2024-02-01
U0184,P0149,2.5,0,2024-03-16
U0470,P0068,3.5,0,2024-02-29
U0390,P0288,3.5,0,2024-09-20
U0462,P0007,2.5,0,2024-05-14
U0443,P0100,2.5,0,2024-05-22
U0210,P0125,4.5,0,2024-01-03
U0444,P0238,3.5,0,2024-06-08
U0272,P0087,3.0,0,2024-04-01
U0146,P0290,2.5,0,2024-12-07
U0349,P0256,5.0,0,2024-10-23
U0123,P0268,3.5,0,2024-08-02
U0476,P0164,4.0,0,2024-02-26
U0276,P0075,2.5,0,2024-07-14
U0497,P0296,3.5,0,2024-02-06
U0178,P0245,4.5,0,2024-12-19
U0250,P0206,3.5,0,2024-12-06
U0346,P0127,4.5,0,2024-11-17
U0409,P0163,3.5,1,2024-03-27
U0318,P0280,4.5,0,2024-07-24
U0135,P0270,4.5,1,2024-06-23
U0275,P0171,4.0,1,2024-01-25
U0097,P0196,3.0,0,2024-09-23
U0275,P0210,5.0,0,2024-04-18
U0370,P0203,4.0,0,2024-05-18
U0080,P0153,5.0,0,2024-11-16
U0090,P0037,4.0,0,2024-12-10
U0222,P0204,2.5,0,2024-09-13
U0397,P0003,5.0,0,2024-11-12
U0471,P0145,4.0,1,2024-01-18
U0497,P0007,3.5,0,2024-05-28
U0326,P0094,2.5,0,2024-10-13
U0356,P0218,4.0,0,2024-05-27
U0301,P0289,3.0,0,2024-07-13
U0240,P0248,2.5,0,2024-09-18
U0168,P0261,2.0,0,2024-09-17
U0445,P0249,2.5,0,2024-06-18
U0083,P0156,2.5,0,2024-03-25
U0293,P0135,4.0,0,2024-08-05
U0106,P0059,3.5,1,2024-04-26
U0195,P0282,4.5,1,2024-10-01
U0036,P0201,5.0,1,2024-08-26
U0298,P0118,4.5,1,2024-10-04
U0343,P0033,4.0,1,2024-11-30
U0002,P0075,3.5,0,2024-05-10
U0298,P0136,4.0,0,2024-04-13
U0479,P0186,3.0,0,2024-11-26
U0181,P0185,5.0,0,2024-05-16
U0026,P0037,5.0,0,2024-10-25
U0110,P0077,3.0,0,2024-11-04
U0325,P0288,3.5,0,2024-08-13
U0307,P0134,2.5,0,2024-06-26
U0457,P0105,2.5,0,2024-08-17
U0378,P0175,4.5,0,2024-11-05
U0175,P0205,4.5,1,2024-03-02
U0054,P0108,2.0,0,2024-09-17
U0470,P0017,3.0,0,2024-12-23
U0219,P0188,4.0,0,2024-06-06
U0441,P0170,3.5,1,2024-04-07
U0316,P0070,3.5,0,2024-11-11
U0334,P0206,4.0,0,2024-04-24
U0416,P0202,4.0,0,2024-07-23
U0460,P0002,3.0,0,2024-01-29
U0092,P0225,4.0,1,2024-07-31
U0472,P0047,5.0,0,2024-10-05
U0288,P0089,3.5,1,2024-02-15
U0030,P0125,5.0,1,2024-02-12
U0250,P0061,3.5,1,2024-12-28
U0313,P0054,3.5,0,2024-06-13
U0174,P0098,3.0,0,2024-05-26
U0083,P0213,3.0,0,2024-06-10
U0079,P0163,3.5,0,2024-03-29
U0388,P0175,4.0,0,2024-02-23
U0112,P0179,4.0,0,2024-01-27
U0432,P0191,2.0,0,2024-01-06
U0191,P0114,3.5,1,2024-05-23
U0440,P0296,4.0,0,2024-07-26
U0145,P0177,4.5,0,2024-10-21
U0293,P0288,3.0,0,2024-12-24
U0229,P0275,3.0,0,2024-11-30
U0136,P0164,5.0,1,2024-02-26
U0139,P0121,4.0,0,2024-06-25
U0364,P0089,3.0,0,2024-07-27
U0225,P0202,4.0,0,2024-12-02
U0078,P0152,4.5,0,2024-08-19
U0031,P0160,4.0,1,2024-04-06
U0327,P0106,4.5,1,2024-11-15
U0109,P0061,5.0,1,2024-01-27
U0431,P0134,1.0,0,2024-07-07
U0464,P0021,4.5,0,2024-12-07
U0235,P0070,5.0,1,2024-09-25
U0419,P0200,5.0,0,2024-02-12
U0398,P0222,4.5,0,2024-07-09
U0463,P0002,4.5,0,2024-05-30
U0408,P0106,3.5,0,2024-09-29
U0437,P0284,4.0,0,2024-02-25
U0208,P0230,5.0,1,2024-09-27
U0403,P0252,1.5,0,2024-01-10
U0098,P0168,4.5,1,2024-10-27
U0439,P0138,4.5,1,2024-11-25
U0326,P0096,4.0,1,2024-12-27
U0443,P0078,2.0,0,2024-01-26
U0157,P0109,4.5,1,2024-05-24
U0309,P0218,4.5,0,2024-09-06
U0266,P0086,4.0,0,2024-12-29
U0049,P0103,4.0,1,2024-11-15
U0279,P0090,4.0,1,2024-06-21
U0353,P0055,4.0,0,2024-03-29
U0479,P0202,4.5,1,2024-09-09
U0110,P0276,3.5,1,2024-01-24
U0093,P0102,3.0,0,2024-10-11
U0415,P0072,3.5,1,2024-01-20
U0252,P0280,4.0,0,2024-04-08
U0149,P0161,2.0,0,2024-10-30
U0166,P0188,1.0,0,2024-09-22
U0195,P0004,3.5,0,2024-10-26
U0241,P0251,4.0,1,2024-12-05
U0045,P0047,3.0,0,2024-03-22
U0465,P0157,4.0,1,2024-04-23
U0133,P0232,2.5,0,2024-11-11
U0271,P0299,5.0,0,2024-01-21
U0258,P0261,3.5,0,2024-03-05
U0250,P0050,4.0,0,2024-12-12
U0368,P0121,5.0,0,2024-08-17
U0474,P0280,5.0,0,2024-05-30
U0045,P0195,4.0,1,2024-07-21
U0010,P0213,3.5,0,2024-08-04
U0292,P0149,2.0,0,2024-11-13
U0275,P0094,3.0,0,2024-11-08
U0499,P0062,3.0,0,2024-06-28
U0010,P0026,5.0,1,2024-04-19
U0125,P0243,4.5,1,2024-04-19
U0224,P0239,1.5,0,2024-04-28
U0331,P0153,3.0,0,2024-09-27
U0042,P0295,4.5,0,2024-02-18
U0327,P0097,3.5,0,2024-10-06
U0055,P0108,2.5,0,2024-07-24
U0172,P0199,4.5,1,2024-07-11
U0205,P0211,4.5,1,2024-09-18
U0184,P0184,3.0,0,2024-12-26
U0016,P0062,5.0,0,2024-01-25
U0065,P0171,5.0,0,2024-01-22
